text,label,category,family_id
Cambia el título a Introducción.,EDITOR_CONTROL,titulo,v2_c_titulo_a_00
Cambia el título a Conclusiones.,EDITOR_CONTROL,titulo,v2_c_titulo_a_00
Cambia el título a Marco teórico.,EDITOR_CONTROL,titulo,v2_c_titulo_a_00
Cambia el título a Diseño del sistema.,EDITOR_CONTROL,titulo,v2_c_titulo_a_00
Cambia el título a Trabajo futuro.,EDITOR_CONTROL,titulo,v2_c_titulo_a_01
Cambia el título a Evaluación.,EDITOR_CONTROL,titulo,v2_c_titulo_a_01
Cambia el título a Antecedentes.,EDITOR_CONTROL,titulo,v2_c_titulo_a_01
Cambia el título a Discusión.,EDITOR_CONTROL,titulo,v2_c_titulo_a_01
Cambia el título a Resumen.,EDITOR_CONTROL,titulo,v2_c_titulo_a_01
Cambia el título a Bibliografía.,EDITOR_CONTROL,titulo,v2_c_titulo_a_01
Cambia el título a Anexos.,EDITOR_CONTROL,titulo,v2_c_titulo_a_02
Cambia el título a Claridad.,EDITOR_CONTROL,titulo,v2_c_titulo_a_02
Cambia el título a Hallazgos.,EDITOR_CONTROL,titulo,v2_c_titulo_a_02
Cambia el título a Limitaciones.,EDITOR_CONTROL,titulo,v2_c_titulo_a_02
Cambia el título a Propuesta.,EDITOR_CONTROL,titulo,v2_c_titulo_a_02
Cambia el título a Referencias.,EDITOR_CONTROL,titulo,v2_c_titulo_a_02
Cambia el título a Apéndice.,EDITOR_CONTROL,titulo,v2_c_titulo_a_03
Cambia el título a Síntesis.,EDITOR_CONTROL,titulo,v2_c_titulo_a_03
Pon como título Metodología.,EDITOR_CONTROL,titulo,v2_c_titulo_b_00
Quiero que cambies el título a Metodología.,EDITOR_CONTROL,titulo,v2_c_titulo_b_00
Pon como título Resultados.,EDITOR_CONTROL,titulo,v2_c_titulo_b_00
Quiero que cambies el título a Resultados.,EDITOR_CONTROL,titulo,v2_c_titulo_b_00
Pon como título Introducción.,EDITOR_CONTROL,titulo,v2_c_titulo_b_00
Quiero que cambies el título a Introducción.,EDITOR_CONTROL,titulo,v2_c_titulo_b_00
Pon como título Conclusiones.,EDITOR_CONTROL,titulo,v2_c_titulo_b_01
Quiero que cambies el título a Conclusiones.,EDITOR_CONTROL,titulo,v2_c_titulo_b_01
Pon como título Marco teórico.,EDITOR_CONTROL,titulo,v2_c_titulo_b_01
Quiero que cambies el título a Marco teórico.,EDITOR_CONTROL,titulo,v2_c_titulo_b_01
Pon como título Diseño del sistema.,EDITOR_CONTROL,titulo,v2_c_titulo_b_01
Quiero que cambies el título a Diseño del sistema.,EDITOR_CONTROL,titulo,v2_c_titulo_b_01
Pon como título Trabajo futuro.,EDITOR_CONTROL,titulo,v2_c_titulo_b_02
Quiero que cambies el título a Trabajo futuro.,EDITOR_CONTROL,titulo,v2_c_titulo_b_02
Pon como título Evaluación.,EDITOR_CONTROL,titulo,v2_c_titulo_b_02
Quiero que cambies el título a Evaluación.,EDITOR_CONTROL,titulo,v2_c_titulo_b_02
Pon como título Antecedentes.,EDITOR_CONTROL,titulo,v2_c_titulo_b_02
Quiero que cambies el título a Antecedentes.,EDITOR_CONTROL,titulo,v2_c_titulo_b_02
Pon como título Discusión.,EDITOR_CONTROL,titulo,v2_c_titulo_b_03
Quiero que cambies el título a Discusión.,EDITOR_CONTROL,titulo,v2_c_titulo_b_03
Pon como título Resumen.,EDITOR_CONTROL,titulo,v2_c_titulo_b_03
Quiero que cambies el título a Resumen.,EDITOR_CONTROL,titulo,v2_c_titulo_b_03
Pon como título Bibliografía.,EDITOR_CONTROL,titulo,v2_c_titulo_b_03
Quiero que cambies el título a Bibliografía.,EDITOR_CONTROL,titulo,v2_c_titulo_b_03
Pon como título Anexos.,EDITOR_CONTROL,titulo,v2_c_titulo_b_04
Quiero que cambies el título a Anexos.,EDITOR_CONTROL,titulo,v2_c_titulo_b_04
Pon como título Claridad.,EDITOR_CONTROL,titulo,v2_c_titulo_b_04
Quiero que cambies el título a Claridad.,EDITOR_CONTROL,titulo,v2_c_titulo_b_04
Cámbiale el título a Metodología.,EDITOR_CONTROL,titulo,v2_c_titulo_c_00
Actualiza el título a Metodología.,EDITOR_CONTROL,titulo,v2_c_titulo_c_00
Cámbiale el título a Resultados.,EDITOR_CONTROL,titulo,v2_c_titulo_c_00
Actualiza el título a Resultados.,EDITOR_CONTROL,titulo,v2_c_titulo_c_00
Cámbiale el título a Introducción.,EDITOR_CONTROL,titulo,v2_c_titulo_c_00
Actualiza el título a Introducción.,EDITOR_CONTROL,titulo,v2_c_titulo_c_00
Cámbiale el título a Conclusiones.,EDITOR_CONTROL,titulo,v2_c_titulo_c_01
Actualiza el título a Conclusiones.,EDITOR_CONTROL,titulo,v2_c_titulo_c_01
Cámbiale el título a Marco teórico.,EDITOR_CONTROL,titulo,v2_c_titulo_c_01
Actualiza el título a Marco teórico.,EDITOR_CONTROL,titulo,v2_c_titulo_c_01
Cámbiale el título a Diseño del sistema.,EDITOR_CONTROL,titulo,v2_c_titulo_c_01
Actualiza el título a Diseño del sistema.,EDITOR_CONTROL,titulo,v2_c_titulo_c_01
Cámbiale el título a Trabajo futuro.,EDITOR_CONTROL,titulo,v2_c_titulo_c_02
Actualiza el título a Trabajo futuro.,EDITOR_CONTROL,titulo,v2_c_titulo_c_02
Cámbiale el título a Evaluación.,EDITOR_CONTROL,titulo,v2_c_titulo_c_02
Actualiza el título a Evaluación.,EDITOR_CONTROL,titulo,v2_c_titulo_c_02
Cámbiale el título a Antecedentes.,EDITOR_CONTROL,titulo,v2_c_titulo_c_02
Actualiza el título a Antecedentes.,EDITOR_CONTROL,titulo,v2_c_titulo_c_02
Cámbiale el título a Discusión.,EDITOR_CONTROL,titulo,v2_c_titulo_c_03
Actualiza el título a Discusión.,EDITOR_CONTROL,titulo,v2_c_titulo_c_03
Cámbiale el título a Resumen.,EDITOR_CONTROL,titulo,v2_c_titulo_c_03
Actualiza el título a Resumen.,EDITOR_CONTROL,titulo,v2_c_titulo_c_03
Cámbiale el título a Bibliografía.,EDITOR_CONTROL,titulo,v2_c_titulo_c_03
Actualiza el título a Bibliografía.,EDITOR_CONTROL,titulo,v2_c_titulo_c_03
Cámbiale el título a Anexos.,EDITOR_CONTROL,titulo,v2_c_titulo_c_04
Actualiza el título a Anexos.,EDITOR_CONTROL,titulo,v2_c_titulo_c_04
Cámbiale el título a Claridad.,EDITOR_CONTROL,titulo,v2_c_titulo_c_04
Actualiza el título a Claridad.,EDITOR_CONTROL,titulo,v2_c_titulo_c_04
Cámbiale el título a Hallazgos.,EDITOR_CONTROL,titulo,v2_c_titulo_c_04
Actualiza el título a Hallazgos.,EDITOR_CONTROL,titulo,v2_c_titulo_c_04
Cámbiale el título a Limitaciones.,EDITOR_CONTROL,titulo,v2_c_titulo_c_05
Actualiza el título a Limitaciones.,EDITOR_CONTROL,titulo,v2_c_titulo_c_05
Cámbiale el título a Propuesta.,EDITOR_CONTROL,titulo,v2_c_titulo_c_05
Actualiza el título a Propuesta.,EDITOR_CONTROL,titulo,v2_c_titulo_c_05
Cámbiale el título a Referencias.,EDITOR_CONTROL,titulo,v2_c_titulo_c_05
Actualiza el título a Referencias.,EDITOR_CONTROL,titulo,v2_c_titulo_c_05
Cámbiale el título a Apéndice.,EDITOR_CONTROL,titulo,v2_c_titulo_c_06
Actualiza el título a Apéndice.,EDITOR_CONTROL,titulo,v2_c_titulo_c_06
Cámbiale el título a Síntesis.,EDITOR_CONTROL,titulo,v2_c_titulo_c_06
Actualiza el título a Síntesis.,EDITOR_CONTROL,titulo,v2_c_titulo_c_06
El título cámbialo a Metodología.,EDITOR_CONTROL,titulo,v2_c_titulo_d_00
Ponle de título Metodología.,EDITOR_CONTROL,titulo,v2_c_titulo_d_00
Titula esto como Metodología.,EDITOR_CONTROL,titulo,v2_c_titulo_d_00
El título cámbialo a Resultados.,EDITOR_CONTROL,titulo,v2_c_titulo_d_00
Ponle de título Resultados.,EDITOR_CONTROL,titulo,v2_c_titulo_d_00
Titula esto como Resultados.,EDITOR_CONTROL,titulo,v2_c_titulo_d_00
El título cámbialo a Introducción.,EDITOR_CONTROL,titulo,v2_c_titulo_d_01
Ponle de título Introducción.,EDITOR_CONTROL,titulo,v2_c_titulo_d_01
Titula esto como Introducción.,EDITOR_CONTROL,titulo,v2_c_titulo_d_01
El título cámbialo a Conclusiones.,EDITOR_CONTROL,titulo,v2_c_titulo_d_01
Ponle de título Conclusiones.,EDITOR_CONTROL,titulo,v2_c_titulo_d_01
Titula esto como Conclusiones.,EDITOR_CONTROL,titulo,v2_c_titulo_d_01
El título cámbialo a Marco teórico.,EDITOR_CONTROL,titulo,v2_c_titulo_d_02
Ponle de título Marco teórico.,EDITOR_CONTROL,titulo,v2_c_titulo_d_02
Titula esto como Marco teórico.,EDITOR_CONTROL,titulo,v2_c_titulo_d_02
El título cámbialo a Diseño del sistema.,EDITOR_CONTROL,titulo,v2_c_titulo_d_02
Ponle de título Diseño del sistema.,EDITOR_CONTROL,titulo,v2_c_titulo_d_02
Titula esto como Diseño del sistema.,EDITOR_CONTROL,titulo,v2_c_titulo_d_02
El título cámbialo a Trabajo futuro.,EDITOR_CONTROL,titulo,v2_c_titulo_d_03
Ponle de título Trabajo futuro.,EDITOR_CONTROL,titulo,v2_c_titulo_d_03
Titula esto como Trabajo futuro.,EDITOR_CONTROL,titulo,v2_c_titulo_d_03
El título cámbialo a Evaluación.,EDITOR_CONTROL,titulo,v2_c_titulo_d_03
Ponle de título Evaluación.,EDITOR_CONTROL,titulo,v2_c_titulo_d_03
Titula esto como Evaluación.,EDITOR_CONTROL,titulo,v2_c_titulo_d_03
El título cámbialo a Antecedentes.,EDITOR_CONTROL,titulo,v2_c_titulo_d_04
Ponle de título Antecedentes.,EDITOR_CONTROL,titulo,v2_c_titulo_d_04
Titula esto como Antecedentes.,EDITOR_CONTROL,titulo,v2_c_titulo_d_04
El título cámbialo a Discusión.,EDITOR_CONTROL,titulo,v2_c_titulo_d_04
Ponle de título Discusión.,EDITOR_CONTROL,titulo,v2_c_titulo_d_04
Titula esto como Discusión.,EDITOR_CONTROL,titulo,v2_c_titulo_d_04
El título cámbialo a Resumen.,EDITOR_CONTROL,titulo,v2_c_titulo_d_05
Ponle de título Resumen.,EDITOR_CONTROL,titulo,v2_c_titulo_d_05
Titula esto como Resumen.,EDITOR_CONTROL,titulo,v2_c_titulo_d_05
El título cámbialo a Bibliografía.,EDITOR_CONTROL,titulo,v2_c_titulo_d_05
Ponle de título Bibliografía.,EDITOR_CONTROL,titulo,v2_c_titulo_d_05
Titula esto como Bibliografía.,EDITOR_CONTROL,titulo,v2_c_titulo_d_05
¿Puedes ponerle título a este documento?,EDITOR_CONTROL,titulo,v2_c_titulo_e_00
Actualiza el encabezado con el nombre del proyecto.,EDITOR_CONTROL,titulo,v2_c_titulo_e_00
Cambia el encabezado a Introducción.,EDITOR_CONTROL,titulo,v2_c_titulo_e_00
Reescribe el título para que sea más descriptivo.,EDITOR_CONTROL,titulo,v2_c_titulo_e_00
"Corrige el título, tiene una errata.",EDITOR_CONTROL,titulo,v2_c_titulo_e_00
Haz el título más corto.,EDITOR_CONTROL,titulo,v2_c_titulo_e_00
Modifica el título a Conclusiones.,EDITOR_CONTROL,titulo,v2_c_titulo_e_01
Renombra el documento como Borrador final.,EDITOR_CONTROL,titulo,v2_c_titulo_e_01
El nuevo título será Versión revisada.,EDITOR_CONTROL,titulo,v2_c_titulo_e_01
"Cambia el título a Claridad, por favor.",EDITOR_CONTROL,titulo,v2_c_titulo_e_01
Por favor pon como título Resumen.,EDITOR_CONTROL,titulo,v2_c_titulo_e_01
Necesito que el título sea Evaluación.,EDITOR_CONTROL,titulo,v2_c_titulo_e_01
Haz que el título diga Discusión.,EDITOR_CONTROL,titulo,v2_c_titulo_e_02
Mayusculiza cada palabra del título.,EDITOR_CONTROL,titulo,v2_c_titulo_e_02
Minusculiza esta oración.,EDITOR_CONTROL,titulo,v2_c_titulo_e_02
Borra esta parte.,EDITOR_CONTROL,borrar,v2_c_borrar_a_00
Borra esta oración.,EDITOR_CONTROL,borrar,v2_c_borrar_a_00
Borra este párrafo.,EDITOR_CONTROL,borrar,v2_c_borrar_a_00
Borra la última frase.,EDITOR_CONTROL,borrar,v2_c_borrar_a_01
Borra esta palabra.,EDITOR_CONTROL,borrar,v2_c_borrar_a_01
Borra lo seleccionado.,EDITOR_CONTROL,borrar,v2_c_borrar_a_01
Borra esa sección.,EDITOR_CONTROL,borrar,v2_c_borrar_a_01
Borra el borrador.,EDITOR_CONTROL,borrar,v2_c_borrar_a_01
Borra la transcripción.,EDITOR_CONTROL,borrar,v2_c_borrar_a_01
Borra el duplicado.,EDITOR_CONTROL,borrar,v2_c_borrar_a_02
Borra la versión vieja.,EDITOR_CONTROL,borrar,v2_c_borrar_a_02
Borra el comentario resuelto.,EDITOR_CONTROL,borrar,v2_c_borrar_a_02
Borra esta sección.,EDITOR_CONTROL,borrar,v2_c_borrar_a_02
Borra la cita.,EDITOR_CONTROL,borrar,v2_c_borrar_a_02
Borra el ejemplo.,EDITOR_CONTROL,borrar,v2_c_borrar_a_02
Borra la nota al pie.,EDITOR_CONTROL,borrar,v2_c_borrar_a_03
Borra el encabezado.,EDITOR_CONTROL,borrar,v2_c_borrar_a_03
Borra la lista.,EDITOR_CONTROL,borrar,v2_c_borrar_a_03
Borra el último bloque.,EDITOR_CONTROL,borrar,v2_c_borrar_a_03
Borra esta tabla.,EDITOR_CONTROL,borrar,v2_c_borrar_a_03
Borra el apéndice.,EDITOR_CONTROL,borrar,v2_c_borrar_a_03
Borra la firma.,EDITOR_CONTROL,borrar,v2_c_borrar_a_04
Elimina esto.,EDITOR_CONTROL,borrar,v2_c_borrar_b_00
Elimina eso.,EDITOR_CONTROL,borrar,v2_c_borrar_b_00
Quita eso.,EDITOR_CONTROL,borrar,v2_c_borrar_b_00
Elimina esta parte.,EDITOR_CONTROL,borrar,v2_c_borrar_b_00
Quita esta parte.,EDITOR_CONTROL,borrar,v2_c_borrar_b_00
Elimina esta oración.,EDITOR_CONTROL,borrar,v2_c_borrar_b_01
Elimina este párrafo.,EDITOR_CONTROL,borrar,v2_c_borrar_b_01
Quita este párrafo.,EDITOR_CONTROL,borrar,v2_c_borrar_b_01
Elimina este texto.,EDITOR_CONTROL,borrar,v2_c_borrar_b_01
Quita este texto.,EDITOR_CONTROL,borrar,v2_c_borrar_b_01
Elimina la última frase.,EDITOR_CONTROL,borrar,v2_c_borrar_b_02
Quita la última frase.,EDITOR_CONTROL,borrar,v2_c_borrar_b_02
Elimina esta palabra.,EDITOR_CONTROL,borrar,v2_c_borrar_b_02
Quita esta palabra.,EDITOR_CONTROL,borrar,v2_c_borrar_b_02
Elimina lo seleccionado.,EDITOR_CONTROL,borrar,v2_c_borrar_b_02
Quita lo seleccionado.,EDITOR_CONTROL,borrar,v2_c_borrar_b_02
Elimina esa sección.,EDITOR_CONTROL,borrar,v2_c_borrar_b_03
Quita esa sección.,EDITOR_CONTROL,borrar,v2_c_borrar_b_03
Elimina el borrador.,EDITOR_CONTROL,borrar,v2_c_borrar_b_03
Quita el borrador.,EDITOR_CONTROL,borrar,v2_c_borrar_b_03
Elimina la transcripción.,EDITOR_CONTROL,borrar,v2_c_borrar_b_03
Quita la transcripción.,EDITOR_CONTROL,borrar,v2_c_borrar_b_03
Elimina el duplicado.,EDITOR_CONTROL,borrar,v2_c_borrar_b_04
Quita el duplicado.,EDITOR_CONTROL,borrar,v2_c_borrar_b_04
Elimina la versión vieja.,EDITOR_CONTROL,borrar,v2_c_borrar_b_04
Quita la versión vieja.,EDITOR_CONTROL,borrar,v2_c_borrar_b_04
Elimina el comentario resuelto.,EDITOR_CONTROL,borrar,v2_c_borrar_b_04
Quita el comentario resuelto.,EDITOR_CONTROL,borrar,v2_c_borrar_b_04
Elimina esta sección.,EDITOR_CONTROL,borrar,v2_c_borrar_b_05
Quita esta sección.,EDITOR_CONTROL,borrar,v2_c_borrar_b_05
Elimina la cita.,EDITOR_CONTROL,borrar,v2_c_borrar_b_05
Quita la cita.,EDITOR_CONTROL,borrar,v2_c_borrar_b_05
Elimina el ejemplo.,EDITOR_CONTROL,borrar,v2_c_borrar_b_05
Quita el ejemplo.,EDITOR_CONTROL,borrar,v2_c_borrar_b_05
Elimina la nota al pie.,EDITOR_CONTROL,borrar,v2_c_borrar_b_06
Quita la nota al pie.,EDITOR_CONTROL,borrar,v2_c_borrar_b_06
Elimina el encabezado.,EDITOR_CONTROL,borrar,v2_c_borrar_b_06
Quita el encabezado.,EDITOR_CONTROL,borrar,v2_c_borrar_b_06
Elimina la lista.,EDITOR_CONTROL,borrar,v2_c_borrar_b_06
Quita la lista.,EDITOR_CONTROL,borrar,v2_c_borrar_b_06
Elimina el último bloque.,EDITOR_CONTROL,borrar,v2_c_borrar_b_07
Quita el último bloque.,EDITOR_CONTROL,borrar,v2_c_borrar_b_07
Elimina esta tabla.,EDITOR_CONTROL,borrar,v2_c_borrar_b_07
Quita esta tabla.,EDITOR_CONTROL,borrar,v2_c_borrar_b_07
Elimina el apéndice.,EDITOR_CONTROL,borrar,v2_c_borrar_b_07
Quita el apéndice.,EDITOR_CONTROL,borrar,v2_c_borrar_b_07
Elimina la firma.,EDITOR_CONTROL,borrar,v2_c_borrar_b_08
Quita la firma.,EDITOR_CONTROL,borrar,v2_c_borrar_b_08
Suprime esto.,EDITOR_CONTROL,borrar,v2_c_borrar_c_00
Descarta esto.,EDITOR_CONTROL,borrar,v2_c_borrar_c_00
Suprime eso.,EDITOR_CONTROL,borrar,v2_c_borrar_c_00
Descarta eso.,EDITOR_CONTROL,borrar,v2_c_borrar_c_00
Suprime esta parte.,EDITOR_CONTROL,borrar,v2_c_borrar_c_00
Descarta esta parte.,EDITOR_CONTROL,borrar,v2_c_borrar_c_00
Suprime esta oración.,EDITOR_CONTROL,borrar,v2_c_borrar_c_01
Descarta esta oración.,EDITOR_CONTROL,borrar,v2_c_borrar_c_01
Suprime este párrafo.,EDITOR_CONTROL,borrar,v2_c_borrar_c_01
Descarta este párrafo.,EDITOR_CONTROL,borrar,v2_c_borrar_c_01
Suprime este texto.,EDITOR_CONTROL,borrar,v2_c_borrar_c_01
Descarta este texto.,EDITOR_CONTROL,borrar,v2_c_borrar_c_01
Suprime la última frase.,EDITOR_CONTROL,borrar,v2_c_borrar_c_02
Descarta la última frase.,EDITOR_CONTROL,borrar,v2_c_borrar_c_02
Suprime esta palabra.,EDITOR_CONTROL,borrar,v2_c_borrar_c_02
Descarta esta palabra.,EDITOR_CONTROL,borrar,v2_c_borrar_c_02
Suprime lo seleccionado.,EDITOR_CONTROL,borrar,v2_c_borrar_c_02
Descarta lo seleccionado.,EDITOR_CONTROL,borrar,v2_c_borrar_c_02
Suprime esa sección.,EDITOR_CONTROL,borrar,v2_c_borrar_c_03
Descarta esa sección.,EDITOR_CONTROL,borrar,v2_c_borrar_c_03
Suprime el borrador.,EDITOR_CONTROL,borrar,v2_c_borrar_c_03
Descarta el borrador.,EDITOR_CONTROL,borrar,v2_c_borrar_c_03
Suprime la transcripción.,EDITOR_CONTROL,borrar,v2_c_borrar_c_03
Descarta la transcripción.,EDITOR_CONTROL,borrar,v2_c_borrar_c_03
Suprime el duplicado.,EDITOR_CONTROL,borrar,v2_c_borrar_c_04
Descarta el duplicado.,EDITOR_CONTROL,borrar,v2_c_borrar_c_04
Suprime la versión vieja.,EDITOR_CONTROL,borrar,v2_c_borrar_c_04
Descarta la versión vieja.,EDITOR_CONTROL,borrar,v2_c_borrar_c_04
Suprime el comentario resuelto.,EDITOR_CONTROL,borrar,v2_c_borrar_c_04
Descarta el comentario resuelto.,EDITOR_CONTROL,borrar,v2_c_borrar_c_04
¿Puedes quitar esta parte?,EDITOR_CONTROL,borrar,v2_c_borrar_d_00
¿Puedes quitar este fragmento?,EDITOR_CONTROL,borrar,v2_c_borrar_d_00
"Esto mejor elimínalo, sobra.",EDITOR_CONTROL,borrar,v2_c_borrar_d_00
Elimina el último párrafo.,EDITOR_CONTROL,borrar,v2_c_borrar_d_00
Suprime la sección repetida.,EDITOR_CONTROL,borrar,v2_c_borrar_d_00
"Esto no va, bórralo.",EDITOR_CONTROL,borrar,v2_c_borrar_d_01
Corta esta parte y pégala al final.,EDITOR_CONTROL,borrar,v2_c_borrar_d_01
Limpia este párrafo.,EDITOR_CONTROL,borrar,v2_c_borrar_d_01
Vacía esta sección.,EDITOR_CONTROL,borrar,v2_c_borrar_d_01
Descarta el último cambio de redacción.,EDITOR_CONTROL,borrar,v2_c_borrar_d_01
Quita la palabra repetida.,EDITOR_CONTROL,borrar,v2_c_borrar_d_01
Borra desde aquí hasta el final.,EDITOR_CONTROL,borrar,v2_c_borrar_d_02
Elimina todo lo que está entre paréntesis.,EDITOR_CONTROL,borrar,v2_c_borrar_d_02
Quita los espacios duplicados.,EDITOR_CONTROL,borrar,v2_c_borrar_d_02
Quita eso de aquí.,EDITOR_CONTROL,borrar,v2_c_borrar_d_02
Elimina eso por favor.,EDITOR_CONTROL,borrar,v2_c_borrar_d_02
Borra eso ya.,EDITOR_CONTROL,borrar,v2_c_borrar_d_02
Corta el borrador.,EDITOR_CONTROL,borrar,v2_c_borrar_d_03
Limpia la transcripción.,EDITOR_CONTROL,borrar,v2_c_borrar_d_03
Sustituye error por errata.,EDITOR_CONTROL,reemplazar,v2_c_reemplazar_a_00
Reemplaza error por errata.,EDITOR_CONTROL,reemplazar,v2_c_reemplazar_a_00
Sustituye problema por dificultad.,EDITOR_CONTROL,reemplazar,v2_c_reemplazar_a_00
Reemplaza problema por dificultad.,EDITOR_CONTROL,reemplazar,v2_c_reemplazar_a_00
Sustituye uso por utilización.,EDITOR_CONTROL,reemplazar,v2_c_reemplazar_a_00
Reemplaza uso por utilización.,EDITOR_CONTROL,reemplazar,v2_c_reemplazar_a_00
Sustituye cosa por elemento.,EDITOR_CONTROL,reemplazar,v2_c_reemplazar_a_01
Reemplaza cosa por elemento.,EDITOR_CONTROL,reemplazar,v2_c_reemplazar_a_01
Sustituye parte por sección.,EDITOR_CONTROL,reemplazar,v2_c_reemplazar_a_01
Reemplaza parte por sección.,EDITOR_CONTROL,reemplazar,v2_c_reemplazar_a_01
Sustituye título por encabezado.,EDITOR_CONTROL,reemplazar,v2_c_reemplazar_a_01
Reemplaza título por encabezado.,EDITOR_CONTROL,reemplazar,v2_c_reemplazar_a_01
Sustituye inicio por comienzo.,EDITOR_CONTROL,reemplazar,v2_c_reemplazar_a_02
Reemplaza inicio por comienzo.,EDITOR_CONTROL,reemplazar,v2_c_reemplazar_a_02
Sustituye fin por cierre.,EDITOR_CONTROL,reemplazar,v2_c_reemplazar_a_02
Reemplaza fin por cierre.,EDITOR_CONTROL,reemplazar,v2_c_reemplazar_a_02
Sustituye imagen por figura.,EDITOR_CONTROL,reemplazar,v2_c_reemplazar_a_02
Reemplaza imagen por figura.,EDITOR_CONTROL,reemplazar,v2_c_reemplazar_a_02
Sustituye cuadro por tabla.,EDITOR_CONTROL,reemplazar,v2_c_reemplazar_a_03
Reemplaza cuadro por tabla.,EDITOR_CONTROL,reemplazar,v2_c_reemplazar_a_03
Sustituye autor por autora.,EDITOR_CONTROL,reemplazar,v2_c_reemplazar_a_03
Reemplaza autor por autora.,EDITOR_CONTROL,reemplazar,v2_c_reemplazar_a_03
Sustituye capítulo por sección.,EDITOR_CONTROL,reemplazar,v2_c_reemplazar_a_03
Reemplaza capítulo por sección.,EDITOR_CONTROL,reemplazar,v2_c_reemplazar_a_03
Sustituye nota por aclaración.,EDITOR_CONTROL,reemplazar,v2_c_reemplazar_a_04
Reemplaza nota por aclaración.,EDITOR_CONTROL,reemplazar,v2_c_reemplazar_a_04
Sustituye resumen por síntesis.,EDITOR_CONTROL,reemplazar,v2_c_reemplazar_a_04
Reemplaza resumen por síntesis.,EDITOR_CONTROL,reemplazar,v2_c_reemplazar_a_04
Sustituye objetivo por propósito.,EDITOR_CONTROL,reemplazar,v2_c_reemplazar_a_04
Reemplaza objetivo por propósito.,EDITOR_CONTROL,reemplazar,v2_c_reemplazar_a_04
Sustituye método por procedimiento.,EDITOR_CONTROL,reemplazar,v2_c_reemplazar_a_05
Reemplaza método por procedimiento.,EDITOR_CONTROL,reemplazar,v2_c_reemplazar_a_05
Sustituye dato por cifra.,EDITOR_CONTROL,reemplazar,v2_c_reemplazar_a_05
Reemplaza dato por cifra.,EDITOR_CONTROL,reemplazar,v2_c_reemplazar_a_05
Sustituye gráfico por figura.,EDITOR_CONTROL,reemplazar,v2_c_reemplazar_a_05
Reemplaza gráfico por figura.,EDITOR_CONTROL,reemplazar,v2_c_reemplazar_a_05
Cambia error por errata en este párrafo.,EDITOR_CONTROL,reemplazar,v2_c_reemplazar_b_00
Donde dice error pon errata.,EDITOR_CONTROL,reemplazar,v2_c_reemplazar_b_00
Cambia problema por dificultad en este párrafo.,EDITOR_CONTROL,reemplazar,v2_c_reemplazar_b_00
Donde dice problema pon dificultad.,EDITOR_CONTROL,reemplazar,v2_c_reemplazar_b_00
Cambia uso por utilización en este párrafo.,EDITOR_CONTROL,reemplazar,v2_c_reemplazar_b_00
Donde dice uso pon utilización.,EDITOR_CONTROL,reemplazar,v2_c_reemplazar_b_00
Cambia cosa por elemento en este párrafo.,EDITOR_CONTROL,reemplazar,v2_c_reemplazar_b_01
Donde dice cosa pon elemento.,EDITOR_CONTROL,reemplazar,v2_c_reemplazar_b_01
Cambia parte por sección en este párrafo.,EDITOR_CONTROL,reemplazar,v2_c_reemplazar_b_01
Donde dice parte pon sección.,EDITOR_CONTROL,reemplazar,v2_c_reemplazar_b_01
Cambia título por encabezado en este párrafo.,EDITOR_CONTROL,reemplazar,v2_c_reemplazar_b_01
Donde dice título pon encabezado.,EDITOR_CONTROL,reemplazar,v2_c_reemplazar_b_01
Cambia inicio por comienzo en este párrafo.,EDITOR_CONTROL,reemplazar,v2_c_reemplazar_b_02
Donde dice inicio pon comienzo.,EDITOR_CONTROL,reemplazar,v2_c_reemplazar_b_02
Cambia fin por cierre en este párrafo.,EDITOR_CONTROL,reemplazar,v2_c_reemplazar_b_02
Donde dice fin pon cierre.,EDITOR_CONTROL,reemplazar,v2_c_reemplazar_b_02
Cambia imagen por figura en este párrafo.,EDITOR_CONTROL,reemplazar,v2_c_reemplazar_b_02
Donde dice imagen pon figura.,EDITOR_CONTROL,reemplazar,v2_c_reemplazar_b_02
Cambia cuadro por tabla en este párrafo.,EDITOR_CONTROL,reemplazar,v2_c_reemplazar_b_03
Donde dice cuadro pon tabla.,EDITOR_CONTROL,reemplazar,v2_c_reemplazar_b_03
Cambia autor por autora en este párrafo.,EDITOR_CONTROL,reemplazar,v2_c_reemplazar_b_03
Donde dice autor pon autora.,EDITOR_CONTROL,reemplazar,v2_c_reemplazar_b_03
Cambia capítulo por sección en este párrafo.,EDITOR_CONTROL,reemplazar,v2_c_reemplazar_b_03
Donde dice capítulo pon sección.,EDITOR_CONTROL,reemplazar,v2_c_reemplazar_b_03
Cambia nota por aclaración en este párrafo.,EDITOR_CONTROL,reemplazar,v2_c_reemplazar_b_04
Donde dice nota pon aclaración.,EDITOR_CONTROL,reemplazar,v2_c_reemplazar_b_04
Cambia resumen por síntesis en este párrafo.,EDITOR_CONTROL,reemplazar,v2_c_reemplazar_b_04
Donde dice resumen pon síntesis.,EDITOR_CONTROL,reemplazar,v2_c_reemplazar_b_04
Cambia objetivo por propósito en este párrafo.,EDITOR_CONTROL,reemplazar,v2_c_reemplazar_b_04
Donde dice objetivo pon propósito.,EDITOR_CONTROL,reemplazar,v2_c_reemplazar_b_04
Cambia método por procedimiento en este párrafo.,EDITOR_CONTROL,reemplazar,v2_c_reemplazar_b_05
Donde dice método pon procedimiento.,EDITOR_CONTROL,reemplazar,v2_c_reemplazar_b_05
Cambia dato por cifra en este párrafo.,EDITOR_CONTROL,reemplazar,v2_c_reemplazar_b_05
Donde dice dato pon cifra.,EDITOR_CONTROL,reemplazar,v2_c_reemplazar_b_05
Cambia gráfico por figura en este párrafo.,EDITOR_CONTROL,reemplazar,v2_c_reemplazar_b_05
Donde dice gráfico pon figura.,EDITOR_CONTROL,reemplazar,v2_c_reemplazar_b_05
Reemplaza esta palabra por dificultades.,EDITOR_CONTROL,reemplazar,v2_c_reemplazar_c_00
Cambia esta palabra por interfaz.,EDITOR_CONTROL,reemplazar,v2_c_reemplazar_c_00
Reemplaza esta palabra por interfaz.,EDITOR_CONTROL,reemplazar,v2_c_reemplazar_c_00
Cambia esta palabra por accesibilidad.,EDITOR_CONTROL,reemplazar,v2_c_reemplazar_c_00
Reemplaza esta palabra por accesibilidad.,EDITOR_CONTROL,reemplazar,v2_c_reemplazar_c_00
Cambia esta palabra por sistema.,EDITOR_CONTROL,reemplazar,v2_c_reemplazar_c_01
Reemplaza esta palabra por sistema.,EDITOR_CONTROL,reemplazar,v2_c_reemplazar_c_01
Cambia esta palabra por diseño.,EDITOR_CONTROL,reemplazar,v2_c_reemplazar_c_01
Reemplaza esta palabra por diseño.,EDITOR_CONTROL,reemplazar,v2_c_reemplazar_c_01
Cambia esta palabra por término.,EDITOR_CONTROL,reemplazar,v2_c_reemplazar_c_01
Reemplaza esta palabra por término.,EDITOR_CONTROL,reemplazar,v2_c_reemplazar_c_01
Cambia esta palabra por expresión.,EDITOR_CONTROL,reemplazar,v2_c_reemplazar_c_02
Reemplaza esta palabra por expresión.,EDITOR_CONTROL,reemplazar,v2_c_reemplazar_c_02
Cambia esta palabra por palabra.,EDITOR_CONTROL,reemplazar,v2_c_reemplazar_c_02
Reemplaza esta palabra por palabra.,EDITOR_CONTROL,reemplazar,v2_c_reemplazar_c_02
Cambia esta palabra por concepto.,EDITOR_CONTROL,reemplazar,v2_c_reemplazar_c_02
Reemplaza esta palabra por concepto.,EDITOR_CONTROL,reemplazar,v2_c_reemplazar_c_02
Cambia esta palabra por párrafo.,EDITOR_CONTROL,reemplazar,v2_c_reemplazar_c_03
Reemplaza esta palabra por párrafo.,EDITOR_CONTROL,reemplazar,v2_c_reemplazar_c_03
Cambia esta palabra por encabezado.,EDITOR_CONTROL,reemplazar,v2_c_reemplazar_c_03
Reemplaza esta palabra por encabezado.,EDITOR_CONTROL,reemplazar,v2_c_reemplazar_c_03
Cambia esta palabra por sección.,EDITOR_CONTROL,reemplazar,v2_c_reemplazar_c_03
Reemplaza esta palabra por sección.,EDITOR_CONTROL,reemplazar,v2_c_reemplazar_c_03
Cambia esta palabra por figura.,EDITOR_CONTROL,reemplazar,v2_c_reemplazar_c_04
Reemplaza esta palabra por figura.,EDITOR_CONTROL,reemplazar,v2_c_reemplazar_c_04
Cambia esta palabra por tabla.,EDITOR_CONTROL,reemplazar,v2_c_reemplazar_c_04
Reemplaza esta palabra por tabla.,EDITOR_CONTROL,reemplazar,v2_c_reemplazar_c_04
Cambia esta palabra por resumen.,EDITOR_CONTROL,reemplazar,v2_c_reemplazar_c_04
Reemplaza esta palabra por resumen.,EDITOR_CONTROL,reemplazar,v2_c_reemplazar_c_04
Sustituye esa expresión por algo más claro.,EDITOR_CONTROL,reemplazar,v2_c_reemplazar_d_00
Cambia todas las menciones al autor anterior.,EDITOR_CONTROL,reemplazar,v2_c_reemplazar_d_00
Reemplaza este término en todo el documento.,EDITOR_CONTROL,reemplazar,v2_c_reemplazar_d_00
Corrige el nombre del modelo en este párrafo.,EDITOR_CONTROL,reemplazar,v2_c_reemplazar_d_00
Pon dificultades donde dice problemas.,EDITOR_CONTROL,reemplazar,v2_c_reemplazar_d_00
Intercambia el orden de estos dos párrafos.,EDITOR_CONTROL,reemplazar,v2_c_reemplazar_d_00
Cambia las comillas inglesas por latinas.,EDITOR_CONTROL,reemplazar,v2_c_reemplazar_d_01
Sustituye los números por letras.,EDITOR_CONTROL,reemplazar,v2_c_reemplazar_d_01
Cambia cada mención al capítulo dos.,EDITOR_CONTROL,reemplazar,v2_c_reemplazar_d_01
Sustituye los ejemplos desactualizados.,EDITOR_CONTROL,reemplazar,v2_c_reemplazar_d_01
Hazlo más formal.,EDITOR_CONTROL,reformular,v2_c_reformular_a_00
Hazlo más claro.,EDITOR_CONTROL,reformular,v2_c_reformular_a_00
Hazlo menos absoluto.,EDITOR_CONTROL,reformular,v2_c_reformular_a_00
Hazlo más directo.,EDITOR_CONTROL,reformular,v2_c_reformular_a_00
Hazlo más sencillo.,EDITOR_CONTROL,reformular,v2_c_reformular_a_01
Hazlo más académico.,EDITOR_CONTROL,reformular,v2_c_reformular_a_01
Hazlo menos redundante.,EDITOR_CONTROL,reformular,v2_c_reformular_a_01
Hazlo más persuasivo.,EDITOR_CONTROL,reformular,v2_c_reformular_a_01
Hazlo más neutral.,EDITOR_CONTROL,reformular,v2_c_reformular_a_01
Hazlo más conciso.,EDITOR_CONTROL,reformular,v2_c_reformular_a_01
Hazlo más extenso.,EDITOR_CONTROL,reformular,v2_c_reformular_a_02
Hazlo más crítico.,EDITOR_CONTROL,reformular,v2_c_reformular_a_02
Hazlo más descriptivo.,EDITOR_CONTROL,reformular,v2_c_reformular_a_02
Hazlo menos técnico.,EDITOR_CONTROL,reformular,v2_c_reformular_a_02
Hazlo más urgente.,EDITOR_CONTROL,reformular,v2_c_reformular_a_02
Hazlo más amable.,EDITOR_CONTROL,reformular,v2_c_reformular_a_02
Hazlo más enérgico.,EDITOR_CONTROL,reformular,v2_c_reformular_a_03
Hazlo más sobrio.,EDITOR_CONTROL,reformular,v2_c_reformular_a_03
Hazlo más llano.,EDITOR_CONTROL,reformular,v2_c_reformular_a_03
Haz este párrafo más corto.,EDITOR_CONTROL,reformular,v2_c_reformular_b_00
Reescribe lo seleccionado más corto.,EDITOR_CONTROL,reformular,v2_c_reformular_b_00
Haz este párrafo más formal.,EDITOR_CONTROL,reformular,v2_c_reformular_b_00
Reescribe lo seleccionado más formal.,EDITOR_CONTROL,reformular,v2_c_reformular_b_00
Reescribe lo seleccionado más claro.,EDITOR_CONTROL,reformular,v2_c_reformular_b_00
Haz este párrafo menos absoluto.,EDITOR_CONTROL,reformular,v2_c_reformular_b_01
Reescribe lo seleccionado menos absoluto.,EDITOR_CONTROL,reformular,v2_c_reformular_b_01
Haz este párrafo más breve.,EDITOR_CONTROL,reformular,v2_c_reformular_b_01
Reescribe lo seleccionado más breve.,EDITOR_CONTROL,reformular,v2_c_reformular_b_01
Haz este párrafo más directo.,EDITOR_CONTROL,reformular,v2_c_reformular_b_01
Reescribe lo seleccionado más directo.,EDITOR_CONTROL,reformular,v2_c_reformular_b_01
Haz este párrafo más sencillo.,EDITOR_CONTROL,reformular,v2_c_reformular_b_02
Reescribe lo seleccionado más sencillo.,EDITOR_CONTROL,reformular,v2_c_reformular_b_02
Haz este párrafo más académico.,EDITOR_CONTROL,reformular,v2_c_reformular_b_02
Reescribe lo seleccionado más académico.,EDITOR_CONTROL,reformular,v2_c_reformular_b_02
Haz este párrafo menos redundante.,EDITOR_CONTROL,reformular,v2_c_reformular_b_02
Reescribe lo seleccionado menos redundante.,EDITOR_CONTROL,reformular,v2_c_reformular_b_02
Haz este párrafo más persuasivo.,EDITOR_CONTROL,reformular,v2_c_reformular_b_03
Reescribe lo seleccionado más persuasivo.,EDITOR_CONTROL,reformular,v2_c_reformular_b_03
Haz este párrafo más neutral.,EDITOR_CONTROL,reformular,v2_c_reformular_b_03
Reescribe lo seleccionado más neutral.,EDITOR_CONTROL,reformular,v2_c_reformular_b_03
Haz este párrafo más conciso.,EDITOR_CONTROL,reformular,v2_c_reformular_b_03
Reescribe lo seleccionado más conciso.,EDITOR_CONTROL,reformular,v2_c_reformular_b_03
Reescribe esta oración sin cambiar su significado.,EDITOR_CONTROL,reformular,v2_c_reformular_c_00
Reformula el último párrafo.,EDITOR_CONTROL,reformular,v2_c_reformular_c_00
Dale otra redacción a esta parte.,EDITOR_CONTROL,reformular,v2_c_reformular_c_00
Mejora la redacción de lo seleccionado.,EDITOR_CONTROL,reformular,v2_c_reformular_c_00
Haz esta frase más elegante.,EDITOR_CONTROL,reformular,v2_c_reformular_c_00
Suaviza el tono de este párrafo.,EDITOR_CONTROL,reformular,v2_c_reformular_c_01
Endurece la conclusión.,EDITOR_CONTROL,reformular,v2_c_reformular_c_01
Haz esto más persuasivo.,EDITOR_CONTROL,reformular,v2_c_reformular_c_01
Simplifica la explicación.,EDITOR_CONTROL,reformular,v2_c_reformular_c_01
Acorta este párrafo.,EDITOR_CONTROL,reformular,v2_c_reformular_c_01
Extiende un poco esta idea.,EDITOR_CONTROL,reformular,v2_c_reformular_c_01
Desarrolla más este argumento.,EDITOR_CONTROL,reformular,v2_c_reformular_c_02
Condensa estas tres frases en una.,EDITOR_CONTROL,reformular,v2_c_reformular_c_02
Vuelve a redactar esto más conciso.,EDITOR_CONTROL,reformular,v2_c_reformular_c_02
Dale un giro sobrio a este texto.,EDITOR_CONTROL,reformular,v2_c_reformular_c_02
Reformula esto más amable.,EDITOR_CONTROL,reformular,v2_c_reformular_c_02
Hazle lo mismo a este párrafo.,EDITOR_CONTROL,reformular,v2_c_reformular_c_02
Resume este documento en un párrafo.,EDITOR_CONTROL,resumir,v2_c_resumir_00
Haz un resumen de lo seleccionado.,EDITOR_CONTROL,resumir,v2_c_resumir_00
Sintetiza las ideas principales.,EDITOR_CONTROL,resumir,v2_c_resumir_00
Extrae los puntos clave de esta sección.,EDITOR_CONTROL,resumir,v2_c_resumir_00
Resume lo anterior en dos frases.,EDITOR_CONTROL,resumir,v2_c_resumir_00
Dame un resumen ejecutivo.,EDITOR_CONTROL,resumir,v2_c_resumir_00
Resume el capítulo en una lista.,EDITOR_CONTROL,resumir,v2_c_resumir_01
Condensa la introducción.,EDITOR_CONTROL,resumir,v2_c_resumir_01
Expande esta sección con más detalles.,EDITOR_CONTROL,expandir,v2_c_expandir_00
Alarga la introducción.,EDITOR_CONTROL,expandir,v2_c_expandir_00
Añade un ejemplo a este párrafo.,EDITOR_CONTROL,expandir,v2_c_expandir_00
Completa esta idea.,EDITOR_CONTROL,expandir,v2_c_expandir_00
Agrega una frase de transición aquí.,EDITOR_CONTROL,expandir,v2_c_expandir_00
Desarrolla este punto.,EDITOR_CONTROL,expandir,v2_c_expandir_00
Añade contexto a la conclusión.,EDITOR_CONTROL,expandir,v2_c_expandir_01
Extiende el resumen.,EDITOR_CONTROL,expandir,v2_c_expandir_01
Pon esto en negritas.,EDITOR_CONTROL,formato,v2_c_formato_a_00
Pon lo seleccionado en negritas.,EDITOR_CONTROL,formato,v2_c_formato_a_00
Pon esta frase en negritas.,EDITOR_CONTROL,formato,v2_c_formato_a_00
Pon el título en negritas.,EDITOR_CONTROL,formato,v2_c_formato_a_00
Pon esta frase clave en negritas.,EDITOR_CONTROL,formato,v2_c_formato_a_00
Pon el ejemplo en negritas.,EDITOR_CONTROL,formato,v2_c_formato_a_01
Pon la conclusión en negritas.,EDITOR_CONTROL,formato,v2_c_formato_a_01
Pon esto en cursivas.,EDITOR_CONTROL,formato,v2_c_formato_a_01
Pon lo seleccionado en cursivas.,EDITOR_CONTROL,formato,v2_c_formato_a_01
Pon esta frase en cursivas.,EDITOR_CONTROL,formato,v2_c_formato_a_01
Pon el título en cursivas.,EDITOR_CONTROL,formato,v2_c_formato_a_02
Pon esta frase clave en cursivas.,EDITOR_CONTROL,formato,v2_c_formato_a_02
Pon el ejemplo en cursivas.,EDITOR_CONTROL,formato,v2_c_formato_a_02
Pon la conclusión en cursivas.,EDITOR_CONTROL,formato,v2_c_formato_a_02
Subraya esto.,EDITOR_CONTROL,formato,v2_c_formato_b_00
Pon este fragmento en cursivas.,EDITOR_CONTROL,formato,v2_c_formato_b_00
Quita las negritas de aquí.,EDITOR_CONTROL,formato,v2_c_formato_b_00
Aumenta el tamaño de letra del título.,EDITOR_CONTROL,formato,v2_c_formato_b_00
Pon el título en mayúsculas.,EDITOR_CONTROL,formato,v2_c_formato_b_00
Convierte esto en una lista.,EDITOR_CONTROL,formato,v2_c_formato_b_01
Aplica el estilo de cita a este párrafo.,EDITOR_CONTROL,formato,v2_c_formato_b_01
Centra este encabezado.,EDITOR_CONTROL,formato,v2_c_formato_b_01
Justifica el texto seleccionado.,EDITOR_CONTROL,formato,v2_c_formato_b_01
Ponlo en negritas.,EDITOR_CONTROL,formato,v2_c_formato_b_01
Marca esto como importante.,EDITOR_CONTROL,formato,v2_c_formato_b_01
Aplica subrayado a lo seleccionado.,EDITOR_CONTROL,formato,v2_c_formato_b_02
Pon en negrita el primer párrafo.,EDITOR_CONTROL,formato,v2_c_formato_b_02
Convierte la cita en cursivas.,EDITOR_CONTROL,formato,v2_c_formato_b_02
Agranda la letra de esta parte.,EDITOR_CONTROL,formato,v2_c_formato_b_02
Reduce el interlineado.,EDITOR_CONTROL,formato,v2_c_formato_b_02
Aplica viñetas a esta lista.,EDITOR_CONTROL,formato,v2_c_formato_b_02
Sangra este párrafo.,EDITOR_CONTROL,formato,v2_c_formato_b_03
Cambia la fuente del título.,EDITOR_CONTROL,formato,v2_c_formato_b_03
Resalta el título en negritas.,EDITOR_CONTROL,formato,v2_c_formato_b_03
Deshaz el cambio.,EDITOR_CONTROL,undo,v2_c_undo_00
Deshaz eso.,EDITOR_CONTROL,undo,v2_c_undo_00
Vuelve a como estaba.,EDITOR_CONTROL,undo,v2_c_undo_00
"No, déjalo como estaba.",EDITOR_CONTROL,undo,v2_c_undo_00
Revierte lo último que hiciste.,EDITOR_CONTROL,undo,v2_c_undo_00
Cancela la última edición.,EDITOR_CONTROL,undo,v2_c_undo_01
Deshaz la última acción.,EDITOR_CONTROL,undo,v2_c_undo_01
Regresa al estado anterior.,EDITOR_CONTROL,undo,v2_c_undo_01
Anula lo que acabas de hacer.,EDITOR_CONTROL,undo,v2_c_undo_01
Quiero deshacer lo anterior.,EDITOR_CONTROL,undo,v2_c_undo_01
Échalo para atrás.,EDITOR_CONTROL,undo,v2_c_undo_01
Deshaz lo último.,EDITOR_CONTROL,undo,v2_c_undo_02
Deshaz la edición anterior.,EDITOR_CONTROL,undo,v2_c_undo_02
Echa para atrás el cambio.,EDITOR_CONTROL,undo,v2_c_undo_02
Anula la última modificación.,EDITOR_CONTROL,undo,v2_c_undo_02
Vuelve atrás.,EDITOR_CONTROL,undo,v2_c_undo_02
Deshaz lo que hiciste.,EDITOR_CONTROL,undo,v2_c_undo_02
Retrocede un paso.,EDITOR_CONTROL,undo,v2_c_undo_03
Cancela lo anterior.,EDITOR_CONTROL,undo,v2_c_undo_03
Deshaz la última edición.,EDITOR_CONTROL,undo,v2_c_undo_03
Da un paso atrás.,EDITOR_CONTROL,undo,v2_c_undo_03
Anula la modificación.,EDITOR_CONTROL,undo,v2_c_undo_03
Vuelve al borrador anterior.,EDITOR_CONTROL,undo,v2_c_undo_03
Recupera la versión previa.,EDITOR_CONTROL,undo,v2_c_undo_04
Rehaz el cambio anterior.,EDITOR_CONTROL,redo,v2_c_redo_00
Rehaz el cambio.,EDITOR_CONTROL,redo,v2_c_redo_00
Vuelve a aplicar lo que deshiciste.,EDITOR_CONTROL,redo,v2_c_redo_00
Repite la última acción.,EDITOR_CONTROL,redo,v2_c_redo_00
Rehaz eso.,EDITOR_CONTROL,redo,v2_c_redo_00
Adelante con el cambio otra vez.,EDITOR_CONTROL,redo,v2_c_redo_01
Recupera lo que deshiciste.,EDITOR_CONTROL,redo,v2_c_redo_01
Deshaz el deshacer.,EDITOR_CONTROL,redo,v2_c_redo_01
Rehaz la edición.,EDITOR_CONTROL,redo,v2_c_redo_01
Rehaz la última acción.,EDITOR_CONTROL,redo,v2_c_redo_01
Reaplica el cambio.,EDITOR_CONTROL,redo,v2_c_redo_01
Vuelve a hacer lo anterior.,EDITOR_CONTROL,redo,v2_c_redo_02
Adelante con lo deshecho.,EDITOR_CONTROL,redo,v2_c_redo_02
Restaura la edición.,EDITOR_CONTROL,redo,v2_c_redo_02
Repite lo que quitaste.,EDITOR_CONTROL,redo,v2_c_redo_02
Rehaz la acción.,EDITOR_CONTROL,redo,v2_c_redo_02
Vuelve a aplicar el cambio.,EDITOR_CONTROL,redo,v2_c_redo_02
Recupera lo deshecho.,EDITOR_CONTROL,redo,v2_c_redo_03
Selecciona el segundo párrafo.,EDITOR_CONTROL,seleccion,v2_c_seleccion_00
Marca el segundo párrafo.,EDITOR_CONTROL,seleccion,v2_c_seleccion_00
Selecciona la última sección.,EDITOR_CONTROL,seleccion,v2_c_seleccion_00
Marca la última sección.,EDITOR_CONTROL,seleccion,v2_c_seleccion_00
Selecciona el primer capítulo.,EDITOR_CONTROL,seleccion,v2_c_seleccion_00
Marca el primer capítulo.,EDITOR_CONTROL,seleccion,v2_c_seleccion_00
Selecciona la introducción.,EDITOR_CONTROL,seleccion,v2_c_seleccion_01
Marca la introducción.,EDITOR_CONTROL,seleccion,v2_c_seleccion_01
Selecciona el resumen.,EDITOR_CONTROL,seleccion,v2_c_seleccion_01
Marca el resumen.,EDITOR_CONTROL,seleccion,v2_c_seleccion_01
Selecciona esta página.,EDITOR_CONTROL,seleccion,v2_c_seleccion_01
Marca esta página.,EDITOR_CONTROL,seleccion,v2_c_seleccion_01
Selecciona la cita.,EDITOR_CONTROL,seleccion,v2_c_seleccion_02
Marca la cita.,EDITOR_CONTROL,seleccion,v2_c_seleccion_02
Selecciona el ejemplo.,EDITOR_CONTROL,seleccion,v2_c_seleccion_02
Marca el ejemplo.,EDITOR_CONTROL,seleccion,v2_c_seleccion_02
Selecciona el título.,EDITOR_CONTROL,seleccion,v2_c_seleccion_02
Marca el título.,EDITOR_CONTROL,seleccion,v2_c_seleccion_02
Selecciona toda la página.,EDITOR_CONTROL,seleccion,v2_c_seleccion_03
Marca toda la página.,EDITOR_CONTROL,seleccion,v2_c_seleccion_03
Selecciona este bloque.,EDITOR_CONTROL,seleccion,v2_c_seleccion_03
Marca este bloque.,EDITOR_CONTROL,seleccion,v2_c_seleccion_03
Selecciona el subtítulo.,EDITOR_CONTROL,seleccion,v2_c_seleccion_03
Marca el subtítulo.,EDITOR_CONTROL,seleccion,v2_c_seleccion_03
Selecciona todo el documento.,EDITOR_CONTROL,seleccion,v2_c_seleccion_04
Elige el tercer párrafo.,EDITOR_CONTROL,seleccion,v2_c_seleccion_04
Selecciona desde aquí hasta el final.,EDITOR_CONTROL,seleccion,v2_c_seleccion_04
Amplía la selección una palabra.,EDITOR_CONTROL,seleccion,v2_c_seleccion_04
Reduce la selección.,EDITOR_CONTROL,seleccion,v2_c_seleccion_04
Selecciona la palabra anterior.,EDITOR_CONTROL,seleccion,v2_c_seleccion_04
Marca todo lo que sigue.,EDITOR_CONTROL,seleccion,v2_c_seleccion_05
Resalta el subtítulo con el cursor.,EDITOR_CONTROL,seleccion,v2_c_seleccion_05
Ve al final del documento.,EDITOR_CONTROL,navegacion,v2_c_navegacion_00
Sube al principio.,EDITOR_CONTROL,navegacion,v2_c_navegacion_00
Muévete a la siguiente sección.,EDITOR_CONTROL,navegacion,v2_c_navegacion_00
Baja dos párrafos.,EDITOR_CONTROL,navegacion,v2_c_navegacion_00
Coloca el cursor al inicio.,EDITOR_CONTROL,navegacion,v2_c_navegacion_00
Salta al título.,EDITOR_CONTROL,navegacion,v2_c_navegacion_00
Ve a la página anterior.,EDITOR_CONTROL,navegacion,v2_c_navegacion_01
Desplázate hasta el resumen.,EDITOR_CONTROL,navegacion,v2_c_navegacion_01
Pon el cursor después de esta frase.,EDITOR_CONTROL,navegacion,v2_c_navegacion_01
Lléame a las conclusiones.,EDITOR_CONTROL,navegacion,v2_c_navegacion_01
Baja hasta las conclusiones.,EDITOR_CONTROL,navegacion,v2_c_navegacion_01
Sube a la introducción.,EDITOR_CONTROL,navegacion,v2_c_navegacion_01
Salta a la siguiente página.,EDITOR_CONTROL,navegacion,v2_c_navegacion_02
Ve al principio del párrafo.,EDITOR_CONTROL,navegacion,v2_c_navegacion_02
Coloca el cursor al final.,EDITOR_CONTROL,navegacion,v2_c_navegacion_02
Retrocede una sección.,EDITOR_CONTROL,navegacion,v2_c_navegacion_02
Avanza a la conclusión.,EDITOR_CONTROL,navegacion,v2_c_navegacion_02
Retrocede al resumen.,EDITOR_CONTROL,navegacion,v2_c_navegacion_02
Salta dos secciones.,EDITOR_CONTROL,navegacion,v2_c_navegacion_03
Corrige esta palabra.,EDITOR_CONTROL,correccion,v2_c_correccion_00
Corrige la ortografía de lo seleccionado.,EDITOR_CONTROL,correccion,v2_c_correccion_00
Revisa las tildes de este párrafo.,EDITOR_CONTROL,correccion,v2_c_correccion_00
Arregla la puntuación.,EDITOR_CONTROL,correccion,v2_c_correccion_00
"Hay una errata, corrígela.",EDITOR_CONTROL,correccion,v2_c_correccion_00
Verifica la gramática de esta frase.,EDITOR_CONTROL,correccion,v2_c_correccion_00
Normaliza las comillas.,EDITOR_CONTROL,correccion,v2_c_correccion_01
Corrige los espacios dobles.,EDITOR_CONTROL,correccion,v2_c_correccion_01
Corrige las mayúsculas.,EDITOR_CONTROL,correccion,v2_c_correccion_01
Revisa la concordancia de este texto.,EDITOR_CONTROL,correccion,v2_c_correccion_01
Arregla los guiones largos.,EDITOR_CONTROL,correccion,v2_c_correccion_01
Unifica el formato de fechas.,EDITOR_CONTROL,correccion,v2_c_correccion_01
Corrige el estilo de las citas.,EDITOR_CONTROL,correccion,v2_c_correccion_02
Pule la puntuación final.,EDITOR_CONTROL,correccion,v2_c_correccion_02
Corrige la redacción.,EDITOR_CONTROL,correccion,v2_c_correccion_02
Pule este texto.,EDITOR_CONTROL,correccion,v2_c_correccion_02
Ajusta la puntuación.,EDITOR_CONTROL,correccion,v2_c_correccion_02
Haz esto más formal.,EDITOR_CONTROL,tono,v2_c_tono_00
Dale un tono más cercano.,EDITOR_CONTROL,tono,v2_c_tono_00
Hazlo más técnico.,EDITOR_CONTROL,tono,v2_c_tono_00
Hazlo más divulgativo.,EDITOR_CONTROL,tono,v2_c_tono_00
Cambia el tono a neutro.,EDITOR_CONTROL,tono,v2_c_tono_00
Hazlo sonar más seguro.,EDITOR_CONTROL,tono,v2_c_tono_00
Hazlo más solemne.,EDITOR_CONTROL,tono,v2_c_tono_01
Hazlo más coloquial.,EDITOR_CONTROL,tono,v2_c_tono_01
Dale un aire profesional.,EDITOR_CONTROL,tono,v2_c_tono_01
Hazlo más optimista.,EDITOR_CONTROL,tono,v2_c_tono_01
Vuelve el tono más serio.,EDITOR_CONTROL,tono,v2_c_tono_01
Vuelve esto más claro.,EDITOR_CONTROL,tono,v2_c_tono_01
Hazlo menos ambiguo.,EDITOR_CONTROL,tono,v2_c_tono_02
Convierte esto a mayúsculas.,EDITOR_CONTROL,transformar,v2_c_transformar_00
Pasa este texto a minúsculas.,EDITOR_CONTROL,transformar,v2_c_transformar_00
Convierte la lista en párrafo.,EDITOR_CONTROL,transformar,v2_c_transformar_00
Divide este párrafo en dos.,EDITOR_CONTROL,transformar,v2_c_transformar_00
Une estas dos frases.,EDITOR_CONTROL,transformar,v2_c_transformar_00
Ordena alfabéticamente esta lista.,EDITOR_CONTROL,transformar,v2_c_transformar_00
Numera estos puntos.,EDITOR_CONTROL,transformar,v2_c_transformar_01
Convierte esto en tabla.,EDITOR_CONTROL,transformar,v2_c_transformar_01
Pasa todo a mayúsculas.,EDITOR_CONTROL,transformar,v2_c_transformar_01
Pon en minúsculas el título.,EDITOR_CONTROL,transformar,v2_c_transformar_01
Divide la lista en dos columnas.,EDITOR_CONTROL,transformar,v2_c_transformar_01
Fusiona estos párrafos.,EDITOR_CONTROL,transformar,v2_c_transformar_01
Convierte los puntos en lista numerada.,EDITOR_CONTROL,transformar,v2_c_transformar_02
Parte esta oración larga.,EDITOR_CONTROL,transformar,v2_c_transformar_02
Hazlo.,EDITOR_CONTROL,deictico,v2_c_deictico_00
Hazlo diferente.,EDITOR_CONTROL,deictico,v2_c_deictico_01
Esto quítalo.,EDITOR_CONTROL,deictico,v2_c_deictico_01
Eso cámbialo.,EDITOR_CONTROL,deictico,v2_c_deictico_01
Ponlo como estaba.,EDITOR_CONTROL,deictico,v2_c_deictico_01
Esto déjalo igual.,EDITOR_CONTROL,deictico,v2_c_deictico_02
"Ese no, el otro.",EDITOR_CONTROL,deictico,v2_c_deictico_02
Arregla eso.,EDITOR_CONTROL,deictico,v2_c_deictico_02
Mejora esto.,EDITOR_CONTROL,deictico,v2_c_deictico_02
Cambia esto.,EDITOR_CONTROL,deictico,v2_c_deictico_02
Mueve eso aquí.,EDITOR_CONTROL,deictico,v2_c_deictico_02
Copia esto abajo.,EDITOR_CONTROL,deictico,v2_c_deictico_03
Pega lo que copiaste.,EDITOR_CONTROL,deictico,v2_c_deictico_03
Guarda el documento.,EDITOR_CONTROL,deictico,v2_c_deictico_03
Haz eso.,EDITOR_CONTROL,deictico,v2_c_deictico_03
Cambia aquello.,EDITOR_CONTROL,deictico,v2_c_deictico_03
Quita aquello.,EDITOR_CONTROL,deictico,v2_c_deictico_04
Ponlo ahí.,EDITOR_CONTROL,deictico,v2_c_deictico_04
Mueve esto allá.,EDITOR_CONTROL,deictico,v2_c_deictico_04
Arregla aquello.,EDITOR_CONTROL,deictico,v2_c_deictico_04
Copia eso.,EDITOR_CONTROL,deictico,v2_c_deictico_04
Borra aquello.,EDITOR_CONTROL,deictico,v2_c_deictico_04
"Esto mismo, cámbialo.",EDITOR_CONTROL,deictico,v2_c_deictico_05
Lo mismo pero más corto.,EDITOR_CONTROL,deictico,v2_c_deictico_05
Igual pero en formal.,EDITOR_CONTROL,deictico,v2_c_deictico_05
Repite eso.,EDITOR_CONTROL,deictico,v2_c_deictico_05
Otra vez.,EDITOR_CONTROL,deictico,v2_c_deictico_05
"Así no, de la otra forma.",EDITOR_CONTROL,deictico,v2_c_deictico_05
Como estaba antes.,EDITOR_CONTROL,deictico,v2_c_deictico_06
Hazle lo mismo a este.,EDITOR_CONTROL,deictico,v2_c_deictico_06
Igual que el anterior.,EDITOR_CONTROL,deictico,v2_c_deictico_06
Aplica lo mismo aquí.,EDITOR_CONTROL,deictico,v2_c_deictico_06
Cambia eso ya.,EDITOR_CONTROL,deictico,v2_c_deictico_06
Borra ya esto.,EDITOR_CONTROL,deictico,v2_c_deictico_06
Hazlo ahora.,EDITOR_CONTROL,deictico,v2_c_deictico_07
Ponlo ya.,EDITOR_CONTROL,deictico,v2_c_deictico_07
Quita eso de una vez.,EDITOR_CONTROL,deictico,v2_c_deictico_07
Arréglalo.,EDITOR_CONTROL,deictico,v2_c_deictico_07
Modifica esto.,EDITOR_CONTROL,deictico,v2_c_deictico_07
Edita esa parte.,EDITOR_CONTROL,deictico,v2_c_deictico_07
Trabaja este párrafo.,EDITOR_CONTROL,deictico,v2_c_deictico_08
Ocúpate de esta sección.,EDITOR_CONTROL,deictico,v2_c_deictico_08
Encárgate de esto.,EDITOR_CONTROL,deictico,v2_c_deictico_08
Esto quítalo ya.,EDITOR_CONTROL,deictico,v2_c_deictico_08
Ponlo ya en forma.,EDITOR_CONTROL,deictico,v2_c_deictico_08
La interacción humano computadora estudia la relación entre las personas y los sistemas interactivos.,NON_CONTROL,academico,v2_d_academico_base_00
Durante los últimos años se han desarrollado nuevas interfaces multimodales.,NON_CONTROL,academico,v2_d_academico_base_00
Mi proyecto busca diseñar un editor de texto para personas con TDAH.,NON_CONTROL,academico,v2_d_academico_base_00
Las personas pueden experimentar dificultades durante tareas prolongadas de escritura.,NON_CONTROL,academico,v2_d_academico_base_00
"Las interfaces multimodales combinan voz, teclado y gestos en un mismo sistema.",NON_CONTROL,academico,v2_d_academico_base_00
La accesibilidad cognitiva reduce la carga mental durante la escritura.,NON_CONTROL,academico,v2_d_academico_base_00
Los usuarios con TDAH se benefician de sesiones cortas y retroalimentación inmediata.,NON_CONTROL,academico,v2_d_academico_base_01
La usabilidad de un editor depende de la claridad de sus mecanismos de control.,NON_CONTROL,academico,v2_d_academico_base_01
El reconocimiento de voz permite dictar documentos completos sin utilizar el teclado.,NON_CONTROL,academico,v2_d_academico_base_01
Los gestos táctiles complementan la entrada tradicional en tabletas modernas.,NON_CONTROL,academico,v2_d_academico_base_01
Un estudio reciente evaluó la fatiga durante tareas de escritura prolongada.,NON_CONTROL,academico,v2_d_academico_base_01
Los participantes prefirieron interfaces con menos interrupciones visuales.,NON_CONTROL,academico,v2_d_academico_base_01
La multimodalidad distribuye la atención entre varios canales sensoriales.,NON_CONTROL,academico,v2_d_academico_base_02
El diseño centrado en el usuario requiere pruebas con personas reales.,NON_CONTROL,academico,v2_d_academico_base_02
La carga cognitiva aumenta cuando el sistema exige demasiadas decisiones.,NON_CONTROL,academico,v2_d_academico_base_02
Los editores modernos incorporan correctores automáticos cada vez más precisos.,NON_CONTROL,academico,v2_d_academico_base_02
La escritura asistida plantea preguntas interesantes sobre autoría y control.,NON_CONTROL,academico,v2_d_academico_base_02
Un experimento comparó dictado por voz frente a escritura manual.,NON_CONTROL,academico,v2_d_academico_base_02
Los resultados sugieren menor esfuerzo percibido con entrada multimodal.,NON_CONTROL,academico,v2_d_academico_base_03
La tesis analiza barreras de acceso en herramientas de productividad.,NON_CONTROL,academico,v2_d_academico_base_03
El capítulo siguiente describe el protocolo de evaluación con usuarios.,NON_CONTROL,academico,v2_d_academico_base_03
La muestra incluyó estudiantes universitarios con diagnóstico de TDAH.,NON_CONTROL,academico,v2_d_academico_base_03
Cada sesión duró aproximadamente cuarenta y cinco minutos.,NON_CONTROL,academico,v2_d_academico_base_03
Las métricas incluyeron tiempo de tarea y errores cometidos.,NON_CONTROL,academico,v2_d_academico_base_03
El análisis cualitativo reveló tres temas principales.,NON_CONTROL,academico,v2_d_academico_base_04
La discusión relaciona los hallazgos con literatura previa sobre accesibilidad.,NON_CONTROL,academico,v2_d_academico_base_04
El trabajo futuro explorará adaptaciones personalizadas del editor.,NON_CONTROL,academico,v2_d_academico_base_04
La voz como modalidad principal reduce la dependencia del teclado físico.,NON_CONTROL,academico,v2_d_academico_base_04
Los sistemas interactivos deben tolerar expresiones incompletas del hablante.,NON_CONTROL,academico,v2_d_academico_base_04
Una interfaz bien diseñada anticipa las necesidades de quien escribe.,NON_CONTROL,academico,v2_d_academico_base_04
El dictado continuo exige modelos tolerantes a pausas y titubeos.,NON_CONTROL,academico,v2_d_academico_base_05
La mirada puede complementar la voz como señal deíctica.,NON_CONTROL,academico,v2_d_academico_base_05
Los comandos hablados reducen el uso del menú en usuarios expertos.,NON_CONTROL,academico,v2_d_academico_base_05
La confirmación explícita evita modificaciones accidentales del texto.,NON_CONTROL,academico,v2_d_academico_base_05
El historial de revisiones facilita el trabajo colaborativo asíncrono.,NON_CONTROL,academico,v2_d_academico_base_05
Las personas mayores prefieren instrucciones paso a paso muy explícitas.,NON_CONTROL,academico,v2_d_academico_base_05
El contraste alto mejora la legibilidad en pantallas pequeñas.,NON_CONTROL,academico,v2_d_academico_base_06
La latencia percibida afecta la confianza en el asistente de escritura.,NON_CONTROL,academico,v2_d_academico_base_06
Un buen editor distingue dictado de órdenes sin pedir aclaraciones.,NON_CONTROL,academico,v2_d_academico_base_06
La personalización del vocabulario mejora el reconocimiento de nombres propios.,NON_CONTROL,academico,v2_d_academico_base_06
Los atajos de teclado conviven con la entrada por voz sin conflicto.,NON_CONTROL,academico,v2_d_academico_base_06
El subrayado automático de errores guía la revisión posterior.,NON_CONTROL,academico,v2_d_academico_base_06
La lectura en voz alta ayuda a detectar frases demasiado largas.,NON_CONTROL,academico,v2_d_academico_base_07
El modo sin distracciones oculta barras y menús secundarios.,NON_CONTROL,academico,v2_d_academico_base_07
Guardar versiones intermedias protege contra pérdidas inesperadas.,NON_CONTROL,academico,v2_d_academico_base_07
La sincronización en la nube plantea dilemas de privacidad evidentes.,NON_CONTROL,academico,v2_d_academico_base_07
El tamaño de fuente ajustable beneficia a personas con baja visión.,NON_CONTROL,academico,v2_d_academico_base_07
Los temas oscuros reducen la fatiga visual en sesiones nocturnas.,NON_CONTROL,academico,v2_d_academico_base_07
La autocorrección agresiva puede cambiar palabras correctamente escritas.,NON_CONTROL,academico,v2_d_academico_base_08
El portapapeles múltiple acelera la reorganización de fragmentos.,NON_CONTROL,academico,v2_d_academico_base_08
El estudio muestra mejoras claras en velocidad de escritura.,NON_CONTROL,academico,v2_d_academico_suj_a_00
El estudio confirma la importancia del contexto durante el dictado.,NON_CONTROL,academico,v2_d_academico_suj_a_00
El estudio revela patrones interesantes de uso de la voz.,NON_CONTROL,academico,v2_d_academico_suj_a_00
El estudio sugiere nuevas líneas de trabajo futuro.,NON_CONTROL,academico,v2_d_academico_suj_a_00
La investigación muestra mejoras claras en velocidad de escritura.,NON_CONTROL,academico,v2_d_academico_suj_a_00
La investigación confirma la importancia del contexto durante el dictado.,NON_CONTROL,academico,v2_d_academico_suj_a_00
La investigación revela patrones interesantes de uso de la voz.,NON_CONTROL,academico,v2_d_academico_suj_a_01
La investigación sugiere nuevas líneas de trabajo futuro.,NON_CONTROL,academico,v2_d_academico_suj_a_01
El análisis muestra mejoras claras en velocidad de escritura.,NON_CONTROL,academico,v2_d_academico_suj_a_01
El análisis confirma la importancia del contexto durante el dictado.,NON_CONTROL,academico,v2_d_academico_suj_a_01
El análisis revela patrones interesantes de uso de la voz.,NON_CONTROL,academico,v2_d_academico_suj_a_01
El análisis sugiere nuevas líneas de trabajo futuro.,NON_CONTROL,academico,v2_d_academico_suj_a_01
El experimento muestra mejoras claras en velocidad de escritura.,NON_CONTROL,academico,v2_d_academico_suj_a_02
El experimento confirma la importancia del contexto durante el dictado.,NON_CONTROL,academico,v2_d_academico_suj_a_02
El experimento revela patrones interesantes de uso de la voz.,NON_CONTROL,academico,v2_d_academico_suj_a_02
El experimento sugiere nuevas líneas de trabajo futuro.,NON_CONTROL,academico,v2_d_academico_suj_a_02
La evaluación muestra mejoras claras en velocidad de escritura.,NON_CONTROL,academico,v2_d_academico_suj_a_02
La evaluación confirma la importancia del contexto durante el dictado.,NON_CONTROL,academico,v2_d_academico_suj_a_02
La evaluación revela patrones interesantes de uso de la voz.,NON_CONTROL,academico,v2_d_academico_suj_a_03
La evaluación sugiere nuevas líneas de trabajo futuro.,NON_CONTROL,academico,v2_d_academico_suj_a_03
El prototipo muestra mejoras claras en velocidad de escritura.,NON_CONTROL,academico,v2_d_academico_suj_a_03
El prototipo confirma la importancia del contexto durante el dictado.,NON_CONTROL,academico,v2_d_academico_suj_a_03
El prototipo revela patrones interesantes de uso de la voz.,NON_CONTROL,academico,v2_d_academico_suj_a_03
El prototipo sugiere nuevas líneas de trabajo futuro.,NON_CONTROL,academico,v2_d_academico_suj_a_03
El sistema propuesto muestra mejoras claras en velocidad de escritura.,NON_CONTROL,academico,v2_d_academico_suj_a_04
El sistema propuesto confirma la importancia del contexto durante el dictado.,NON_CONTROL,academico,v2_d_academico_suj_a_04
El sistema propuesto revela patrones interesantes de uso de la voz.,NON_CONTROL,academico,v2_d_academico_suj_a_04
El sistema propuesto sugiere nuevas líneas de trabajo futuro.,NON_CONTROL,academico,v2_d_academico_suj_a_04
La herramienta muestra mejoras claras en velocidad de escritura.,NON_CONTROL,academico,v2_d_academico_suj_a_04
La herramienta confirma la importancia del contexto durante el dictado.,NON_CONTROL,academico,v2_d_academico_suj_a_04
La herramienta revela patrones interesantes de uso de la voz.,NON_CONTROL,academico,v2_d_academico_suj_a_05
La herramienta sugiere nuevas líneas de trabajo futuro.,NON_CONTROL,academico,v2_d_academico_suj_a_05
El modelo muestra mejoras claras en velocidad de escritura.,NON_CONTROL,academico,v2_d_academico_suj_a_05
El modelo confirma la importancia del contexto durante el dictado.,NON_CONTROL,academico,v2_d_academico_suj_a_05
El modelo revela patrones interesantes de uso de la voz.,NON_CONTROL,academico,v2_d_academico_suj_a_05
El modelo sugiere nuevas líneas de trabajo futuro.,NON_CONTROL,academico,v2_d_academico_suj_a_05
La encuesta muestra mejoras claras en velocidad de escritura.,NON_CONTROL,academico,v2_d_academico_suj_a_06
La encuesta confirma la importancia del contexto durante el dictado.,NON_CONTROL,academico,v2_d_academico_suj_a_06
La encuesta revela patrones interesantes de uso de la voz.,NON_CONTROL,academico,v2_d_academico_suj_a_06
La encuesta sugiere nuevas líneas de trabajo futuro.,NON_CONTROL,academico,v2_d_academico_suj_a_06
La tesis muestra mejoras claras en velocidad de escritura.,NON_CONTROL,academico,v2_d_academico_suj_a_06
La tesis confirma la importancia del contexto durante el dictado.,NON_CONTROL,academico,v2_d_academico_suj_a_06
La tesis revela patrones interesantes de uso de la voz.,NON_CONTROL,academico,v2_d_academico_suj_a_07
La tesis sugiere nuevas líneas de trabajo futuro.,NON_CONTROL,academico,v2_d_academico_suj_a_07
El informe muestra mejoras claras en velocidad de escritura.,NON_CONTROL,academico,v2_d_academico_suj_a_07
El informe confirma la importancia del contexto durante el dictado.,NON_CONTROL,academico,v2_d_academico_suj_a_07
El informe revela patrones interesantes de uso de la voz.,NON_CONTROL,academico,v2_d_academico_suj_a_07
El informe sugiere nuevas líneas de trabajo futuro.,NON_CONTROL,academico,v2_d_academico_suj_a_07
La prueba piloto muestra mejoras claras en velocidad de escritura.,NON_CONTROL,academico,v2_d_academico_suj_a_08
La prueba piloto confirma la importancia del contexto durante el dictado.,NON_CONTROL,academico,v2_d_academico_suj_a_08
La prueba piloto revela patrones interesantes de uso de la voz.,NON_CONTROL,academico,v2_d_academico_suj_a_08
La prueba piloto sugiere nuevas líneas de trabajo futuro.,NON_CONTROL,academico,v2_d_academico_suj_a_08
El grupo focal muestra mejoras claras en velocidad de escritura.,NON_CONTROL,academico,v2_d_academico_suj_a_08
El grupo focal confirma la importancia del contexto durante el dictado.,NON_CONTROL,academico,v2_d_academico_suj_a_08
El grupo focal revela patrones interesantes de uso de la voz.,NON_CONTROL,academico,v2_d_academico_suj_a_09
El grupo focal sugiere nuevas líneas de trabajo futuro.,NON_CONTROL,academico,v2_d_academico_suj_a_09
El cuestionario muestra mejoras claras en velocidad de escritura.,NON_CONTROL,academico,v2_d_academico_suj_a_09
El cuestionario confirma la importancia del contexto durante el dictado.,NON_CONTROL,academico,v2_d_academico_suj_a_09
El cuestionario revela patrones interesantes de uso de la voz.,NON_CONTROL,academico,v2_d_academico_suj_a_09
El cuestionario sugiere nuevas líneas de trabajo futuro.,NON_CONTROL,academico,v2_d_academico_suj_a_09
El estudio destaca la relevancia de la accesibilidad cognitiva.,NON_CONTROL,academico,v2_d_academico_suj_b_00
El estudio aporta evidencia sobre fatiga en tareas prolongadas.,NON_CONTROL,academico,v2_d_academico_suj_b_00
El estudio propone un marco para evaluar editores multimodales.,NON_CONTROL,academico,v2_d_academico_suj_b_00
El estudio describe limitaciones del reconocimiento automático.,NON_CONTROL,academico,v2_d_academico_suj_b_00
La investigación destaca la relevancia de la accesibilidad cognitiva.,NON_CONTROL,academico,v2_d_academico_suj_b_00
La investigación aporta evidencia sobre fatiga en tareas prolongadas.,NON_CONTROL,academico,v2_d_academico_suj_b_00
La investigación propone un marco para evaluar editores multimodales.,NON_CONTROL,academico,v2_d_academico_suj_b_01
La investigación describe limitaciones del reconocimiento automático.,NON_CONTROL,academico,v2_d_academico_suj_b_01
El análisis destaca la relevancia de la accesibilidad cognitiva.,NON_CONTROL,academico,v2_d_academico_suj_b_01
El análisis aporta evidencia sobre fatiga en tareas prolongadas.,NON_CONTROL,academico,v2_d_academico_suj_b_01
El análisis propone un marco para evaluar editores multimodales.,NON_CONTROL,academico,v2_d_academico_suj_b_01
El análisis describe limitaciones del reconocimiento automático.,NON_CONTROL,academico,v2_d_academico_suj_b_01
El experimento destaca la relevancia de la accesibilidad cognitiva.,NON_CONTROL,academico,v2_d_academico_suj_b_02
El experimento aporta evidencia sobre fatiga en tareas prolongadas.,NON_CONTROL,academico,v2_d_academico_suj_b_02
El experimento propone un marco para evaluar editores multimodales.,NON_CONTROL,academico,v2_d_academico_suj_b_02
El experimento describe limitaciones del reconocimiento automático.,NON_CONTROL,academico,v2_d_academico_suj_b_02
La evaluación destaca la relevancia de la accesibilidad cognitiva.,NON_CONTROL,academico,v2_d_academico_suj_b_02
La evaluación aporta evidencia sobre fatiga en tareas prolongadas.,NON_CONTROL,academico,v2_d_academico_suj_b_02
La evaluación propone un marco para evaluar editores multimodales.,NON_CONTROL,academico,v2_d_academico_suj_b_03
La evaluación describe limitaciones del reconocimiento automático.,NON_CONTROL,academico,v2_d_academico_suj_b_03
El prototipo destaca la relevancia de la accesibilidad cognitiva.,NON_CONTROL,academico,v2_d_academico_suj_b_03
El prototipo aporta evidencia sobre fatiga en tareas prolongadas.,NON_CONTROL,academico,v2_d_academico_suj_b_03
El prototipo propone un marco para evaluar editores multimodales.,NON_CONTROL,academico,v2_d_academico_suj_b_03
El prototipo describe limitaciones del reconocimiento automático.,NON_CONTROL,academico,v2_d_academico_suj_b_03
El sistema propuesto destaca la relevancia de la accesibilidad cognitiva.,NON_CONTROL,academico,v2_d_academico_suj_b_04
El sistema propuesto aporta evidencia sobre fatiga en tareas prolongadas.,NON_CONTROL,academico,v2_d_academico_suj_b_04
El sistema propuesto propone un marco para evaluar editores multimodales.,NON_CONTROL,academico,v2_d_academico_suj_b_04
El sistema propuesto describe limitaciones del reconocimiento automático.,NON_CONTROL,academico,v2_d_academico_suj_b_04
La herramienta destaca la relevancia de la accesibilidad cognitiva.,NON_CONTROL,academico,v2_d_academico_suj_b_04
La herramienta aporta evidencia sobre fatiga en tareas prolongadas.,NON_CONTROL,academico,v2_d_academico_suj_b_04
La herramienta propone un marco para evaluar editores multimodales.,NON_CONTROL,academico,v2_d_academico_suj_b_05
La herramienta describe limitaciones del reconocimiento automático.,NON_CONTROL,academico,v2_d_academico_suj_b_05
El modelo destaca la relevancia de la accesibilidad cognitiva.,NON_CONTROL,academico,v2_d_academico_suj_b_05
El modelo aporta evidencia sobre fatiga en tareas prolongadas.,NON_CONTROL,academico,v2_d_academico_suj_b_05
El modelo propone un marco para evaluar editores multimodales.,NON_CONTROL,academico,v2_d_academico_suj_b_05
El modelo describe limitaciones del reconocimiento automático.,NON_CONTROL,academico,v2_d_academico_suj_b_05
La encuesta destaca la relevancia de la accesibilidad cognitiva.,NON_CONTROL,academico,v2_d_academico_suj_b_06
La encuesta aporta evidencia sobre fatiga en tareas prolongadas.,NON_CONTROL,academico,v2_d_academico_suj_b_06
La encuesta propone un marco para evaluar editores multimodales.,NON_CONTROL,academico,v2_d_academico_suj_b_06
La encuesta describe limitaciones del reconocimiento automático.,NON_CONTROL,academico,v2_d_academico_suj_b_06
La tesis destaca la relevancia de la accesibilidad cognitiva.,NON_CONTROL,academico,v2_d_academico_suj_b_06
La tesis aporta evidencia sobre fatiga en tareas prolongadas.,NON_CONTROL,academico,v2_d_academico_suj_b_06
La tesis propone un marco para evaluar editores multimodales.,NON_CONTROL,academico,v2_d_academico_suj_b_07
La tesis describe limitaciones del reconocimiento automático.,NON_CONTROL,academico,v2_d_academico_suj_b_07
El informe destaca la relevancia de la accesibilidad cognitiva.,NON_CONTROL,academico,v2_d_academico_suj_b_07
El informe aporta evidencia sobre fatiga en tareas prolongadas.,NON_CONTROL,academico,v2_d_academico_suj_b_07
El informe propone un marco para evaluar editores multimodales.,NON_CONTROL,academico,v2_d_academico_suj_b_07
El informe describe limitaciones del reconocimiento automático.,NON_CONTROL,academico,v2_d_academico_suj_b_07
La prueba piloto destaca la relevancia de la accesibilidad cognitiva.,NON_CONTROL,academico,v2_d_academico_suj_b_08
La prueba piloto aporta evidencia sobre fatiga en tareas prolongadas.,NON_CONTROL,academico,v2_d_academico_suj_b_08
La prueba piloto propone un marco para evaluar editores multimodales.,NON_CONTROL,academico,v2_d_academico_suj_b_08
La prueba piloto describe limitaciones del reconocimiento automático.,NON_CONTROL,academico,v2_d_academico_suj_b_08
El grupo focal destaca la relevancia de la accesibilidad cognitiva.,NON_CONTROL,academico,v2_d_academico_suj_b_08
El grupo focal aporta evidencia sobre fatiga en tareas prolongadas.,NON_CONTROL,academico,v2_d_academico_suj_b_08
El grupo focal propone un marco para evaluar editores multimodales.,NON_CONTROL,academico,v2_d_academico_suj_b_09
El grupo focal describe limitaciones del reconocimiento automático.,NON_CONTROL,academico,v2_d_academico_suj_b_09
El cuestionario destaca la relevancia de la accesibilidad cognitiva.,NON_CONTROL,academico,v2_d_academico_suj_b_09
El cuestionario aporta evidencia sobre fatiga en tareas prolongadas.,NON_CONTROL,academico,v2_d_academico_suj_b_09
El cuestionario propone un marco para evaluar editores multimodales.,NON_CONTROL,academico,v2_d_academico_suj_b_09
El cuestionario describe limitaciones del reconocimiento automático.,NON_CONTROL,academico,v2_d_academico_suj_b_09
El prototipo aborda la ambigüedad de las órdenes habladas.,NON_CONTROL,academico,v2_d_academico_suj_c_00
El prototipo cuantifica interrupciones durante la redacción.,NON_CONTROL,academico,v2_d_academico_suj_c_00
El prototipo compara tres estrategias de confirmación.,NON_CONTROL,academico,v2_d_academico_suj_c_00
El prototipo documenta errores típicos del dictado automático.,NON_CONTROL,academico,v2_d_academico_suj_c_00
El sistema propuesto aborda la ambigüedad de las órdenes habladas.,NON_CONTROL,academico,v2_d_academico_suj_c_00
El sistema propuesto cuantifica interrupciones durante la redacción.,NON_CONTROL,academico,v2_d_academico_suj_c_00
El sistema propuesto compara tres estrategias de confirmación.,NON_CONTROL,academico,v2_d_academico_suj_c_01
El sistema propuesto documenta errores típicos del dictado automático.,NON_CONTROL,academico,v2_d_academico_suj_c_01
La herramienta aborda la ambigüedad de las órdenes habladas.,NON_CONTROL,academico,v2_d_academico_suj_c_01
La herramienta cuantifica interrupciones durante la redacción.,NON_CONTROL,academico,v2_d_academico_suj_c_01
La herramienta compara tres estrategias de confirmación.,NON_CONTROL,academico,v2_d_academico_suj_c_01
La herramienta documenta errores típicos del dictado automático.,NON_CONTROL,academico,v2_d_academico_suj_c_01
El modelo aborda la ambigüedad de las órdenes habladas.,NON_CONTROL,academico,v2_d_academico_suj_c_02
El modelo cuantifica interrupciones durante la redacción.,NON_CONTROL,academico,v2_d_academico_suj_c_02
El modelo compara tres estrategias de confirmación.,NON_CONTROL,academico,v2_d_academico_suj_c_02
El modelo documenta errores típicos del dictado automático.,NON_CONTROL,academico,v2_d_academico_suj_c_02
La encuesta aborda la ambigüedad de las órdenes habladas.,NON_CONTROL,academico,v2_d_academico_suj_c_02
La encuesta cuantifica interrupciones durante la redacción.,NON_CONTROL,academico,v2_d_academico_suj_c_02
La encuesta compara tres estrategias de confirmación.,NON_CONTROL,academico,v2_d_academico_suj_c_03
La encuesta documenta errores típicos del dictado automático.,NON_CONTROL,academico,v2_d_academico_suj_c_03
La tesis aborda la ambigüedad de las órdenes habladas.,NON_CONTROL,academico,v2_d_academico_suj_c_03
La tesis cuantifica interrupciones durante la redacción.,NON_CONTROL,academico,v2_d_academico_suj_c_03
La tesis compara tres estrategias de confirmación.,NON_CONTROL,academico,v2_d_academico_suj_c_03
La tesis documenta errores típicos del dictado automático.,NON_CONTROL,academico,v2_d_academico_suj_c_03
El informe aborda la ambigüedad de las órdenes habladas.,NON_CONTROL,academico,v2_d_academico_suj_c_04
El informe cuantifica interrupciones durante la redacción.,NON_CONTROL,academico,v2_d_academico_suj_c_04
El informe compara tres estrategias de confirmación.,NON_CONTROL,academico,v2_d_academico_suj_c_04
El informe documenta errores típicos del dictado automático.,NON_CONTROL,academico,v2_d_academico_suj_c_04
La prueba piloto aborda la ambigüedad de las órdenes habladas.,NON_CONTROL,academico,v2_d_academico_suj_c_04
La prueba piloto cuantifica interrupciones durante la redacción.,NON_CONTROL,academico,v2_d_academico_suj_c_04
La prueba piloto compara tres estrategias de confirmación.,NON_CONTROL,academico,v2_d_academico_suj_c_05
La prueba piloto documenta errores típicos del dictado automático.,NON_CONTROL,academico,v2_d_academico_suj_c_05
El grupo focal aborda la ambigüedad de las órdenes habladas.,NON_CONTROL,academico,v2_d_academico_suj_c_05
El grupo focal cuantifica interrupciones durante la redacción.,NON_CONTROL,academico,v2_d_academico_suj_c_05
El grupo focal compara tres estrategias de confirmación.,NON_CONTROL,academico,v2_d_academico_suj_c_05
El grupo focal documenta errores típicos del dictado automático.,NON_CONTROL,academico,v2_d_academico_suj_c_05
El cuestionario aborda la ambigüedad de las órdenes habladas.,NON_CONTROL,academico,v2_d_academico_suj_c_06
El cuestionario cuantifica interrupciones durante la redacción.,NON_CONTROL,academico,v2_d_academico_suj_c_06
El cuestionario compara tres estrategias de confirmación.,NON_CONTROL,academico,v2_d_academico_suj_c_06
El cuestionario documenta errores típicos del dictado automático.,NON_CONTROL,academico,v2_d_academico_suj_c_06
El informe quedó listo ayer por la tarde.,NON_CONTROL,general,v2_d_general_a_00
El informe incluye tres secciones principales.,NON_CONTROL,general,v2_d_general_a_00
El informe será revisado por el equipo editorial.,NON_CONTROL,general,v2_d_general_a_00
El informe circula ya entre los asistentes.,NON_CONTROL,general,v2_d_general_a_00
La presentación quedó listo ayer por la tarde.,NON_CONTROL,general,v2_d_general_a_00
La presentación incluye tres secciones principales.,NON_CONTROL,general,v2_d_general_a_00
La presentación será revisado por el equipo editorial.,NON_CONTROL,general,v2_d_general_a_01
La presentación circula ya entre los asistentes.,NON_CONTROL,general,v2_d_general_a_01
El documento quedó listo ayer por la tarde.,NON_CONTROL,general,v2_d_general_a_01
El documento incluye tres secciones principales.,NON_CONTROL,general,v2_d_general_a_01
El documento será revisado por el equipo editorial.,NON_CONTROL,general,v2_d_general_a_01
El documento circula ya entre los asistentes.,NON_CONTROL,general,v2_d_general_a_01
La propuesta quedó listo ayer por la tarde.,NON_CONTROL,general,v2_d_general_a_02
La propuesta incluye tres secciones principales.,NON_CONTROL,general,v2_d_general_a_02
La propuesta será revisado por el equipo editorial.,NON_CONTROL,general,v2_d_general_a_02
La propuesta circula ya entre los asistentes.,NON_CONTROL,general,v2_d_general_a_02
El artículo quedó listo ayer por la tarde.,NON_CONTROL,general,v2_d_general_a_02
El artículo incluye tres secciones principales.,NON_CONTROL,general,v2_d_general_a_02
El artículo será revisado por el equipo editorial.,NON_CONTROL,general,v2_d_general_a_03
El artículo circula ya entre los asistentes.,NON_CONTROL,general,v2_d_general_a_03
La carta quedó listo ayer por la tarde.,NON_CONTROL,general,v2_d_general_a_03
La carta incluye tres secciones principales.,NON_CONTROL,general,v2_d_general_a_03
La carta será revisado por el equipo editorial.,NON_CONTROL,general,v2_d_general_a_03
La carta circula ya entre los asistentes.,NON_CONTROL,general,v2_d_general_a_03
El ensayo quedó listo ayer por la tarde.,NON_CONTROL,general,v2_d_general_a_04
El ensayo incluye tres secciones principales.,NON_CONTROL,general,v2_d_general_a_04
El ensayo será revisado por el equipo editorial.,NON_CONTROL,general,v2_d_general_a_04
El ensayo circula ya entre los asistentes.,NON_CONTROL,general,v2_d_general_a_04
La memoria quedó listo ayer por la tarde.,NON_CONTROL,general,v2_d_general_a_04
La memoria incluye tres secciones principales.,NON_CONTROL,general,v2_d_general_a_04
La memoria será revisado por el equipo editorial.,NON_CONTROL,general,v2_d_general_a_05
La memoria circula ya entre los asistentes.,NON_CONTROL,general,v2_d_general_a_05
El resumen quedó listo ayer por la tarde.,NON_CONTROL,general,v2_d_general_a_05
El resumen incluye tres secciones principales.,NON_CONTROL,general,v2_d_general_a_05
El resumen será revisado por el equipo editorial.,NON_CONTROL,general,v2_d_general_a_05
El resumen circula ya entre los asistentes.,NON_CONTROL,general,v2_d_general_a_05
La crónica quedó listo ayer por la tarde.,NON_CONTROL,general,v2_d_general_a_06
La crónica incluye tres secciones principales.,NON_CONTROL,general,v2_d_general_a_06
La crónica será revisado por el equipo editorial.,NON_CONTROL,general,v2_d_general_a_06
La crónica circula ya entre los asistentes.,NON_CONTROL,general,v2_d_general_a_06
El acta quedó listo ayer por la tarde.,NON_CONTROL,general,v2_d_general_a_06
El acta incluye tres secciones principales.,NON_CONTROL,general,v2_d_general_a_06
El acta será revisado por el equipo editorial.,NON_CONTROL,general,v2_d_general_a_07
El acta circula ya entre los asistentes.,NON_CONTROL,general,v2_d_general_a_07
La minuta quedó listo ayer por la tarde.,NON_CONTROL,general,v2_d_general_a_07
La minuta incluye tres secciones principales.,NON_CONTROL,general,v2_d_general_a_07
La minuta será revisado por el equipo editorial.,NON_CONTROL,general,v2_d_general_a_07
La minuta circula ya entre los asistentes.,NON_CONTROL,general,v2_d_general_a_07
El boletín quedó listo ayer por la tarde.,NON_CONTROL,general,v2_d_general_a_08
El boletín incluye tres secciones principales.,NON_CONTROL,general,v2_d_general_a_08
El boletín será revisado por el equipo editorial.,NON_CONTROL,general,v2_d_general_a_08
El boletín circula ya entre los asistentes.,NON_CONTROL,general,v2_d_general_a_08
La reseña quedó listo ayer por la tarde.,NON_CONTROL,general,v2_d_general_a_08
La reseña incluye tres secciones principales.,NON_CONTROL,general,v2_d_general_a_08
La reseña será revisado por el equipo editorial.,NON_CONTROL,general,v2_d_general_a_09
La reseña circula ya entre los asistentes.,NON_CONTROL,general,v2_d_general_a_09
El manifiesto quedó listo ayer por la tarde.,NON_CONTROL,general,v2_d_general_a_09
El manifiesto incluye tres secciones principales.,NON_CONTROL,general,v2_d_general_a_09
El manifiesto será revisado por el equipo editorial.,NON_CONTROL,general,v2_d_general_a_09
El manifiesto circula ya entre los asistentes.,NON_CONTROL,general,v2_d_general_a_09
El informe necesita una última lectura atenta.,NON_CONTROL,general,v2_d_general_b_00
El informe describe el proceso con detalle.,NON_CONTROL,general,v2_d_general_b_00
El informe recoge opiniones de varios expertos.,NON_CONTROL,general,v2_d_general_b_00
El informe cierra con una reflexión abierta.,NON_CONTROL,general,v2_d_general_b_00
La presentación necesita una última lectura atenta.,NON_CONTROL,general,v2_d_general_b_00
La presentación describe el proceso con detalle.,NON_CONTROL,general,v2_d_general_b_00
La presentación recoge opiniones de varios expertos.,NON_CONTROL,general,v2_d_general_b_01
La presentación cierra con una reflexión abierta.,NON_CONTROL,general,v2_d_general_b_01
El documento necesita una última lectura atenta.,NON_CONTROL,general,v2_d_general_b_01
El documento describe el proceso con detalle.,NON_CONTROL,general,v2_d_general_b_01
El documento recoge opiniones de varios expertos.,NON_CONTROL,general,v2_d_general_b_01
El documento cierra con una reflexión abierta.,NON_CONTROL,general,v2_d_general_b_01
La propuesta necesita una última lectura atenta.,NON_CONTROL,general,v2_d_general_b_02
La propuesta describe el proceso con detalle.,NON_CONTROL,general,v2_d_general_b_02
La propuesta recoge opiniones de varios expertos.,NON_CONTROL,general,v2_d_general_b_02
La propuesta cierra con una reflexión abierta.,NON_CONTROL,general,v2_d_general_b_02
El artículo necesita una última lectura atenta.,NON_CONTROL,general,v2_d_general_b_02
El artículo describe el proceso con detalle.,NON_CONTROL,general,v2_d_general_b_02
El artículo recoge opiniones de varios expertos.,NON_CONTROL,general,v2_d_general_b_03
El artículo cierra con una reflexión abierta.,NON_CONTROL,general,v2_d_general_b_03
La carta necesita una última lectura atenta.,NON_CONTROL,general,v2_d_general_b_03
La carta describe el proceso con detalle.,NON_CONTROL,general,v2_d_general_b_03
La carta recoge opiniones de varios expertos.,NON_CONTROL,general,v2_d_general_b_03
La carta cierra con una reflexión abierta.,NON_CONTROL,general,v2_d_general_b_03
El ensayo necesita una última lectura atenta.,NON_CONTROL,general,v2_d_general_b_04
El ensayo describe el proceso con detalle.,NON_CONTROL,general,v2_d_general_b_04
El ensayo recoge opiniones de varios expertos.,NON_CONTROL,general,v2_d_general_b_04
El ensayo cierra con una reflexión abierta.,NON_CONTROL,general,v2_d_general_b_04
La memoria necesita una última lectura atenta.,NON_CONTROL,general,v2_d_general_b_04
La memoria describe el proceso con detalle.,NON_CONTROL,general,v2_d_general_b_04
La memoria recoge opiniones de varios expertos.,NON_CONTROL,general,v2_d_general_b_05
La memoria cierra con una reflexión abierta.,NON_CONTROL,general,v2_d_general_b_05
El resumen necesita una última lectura atenta.,NON_CONTROL,general,v2_d_general_b_05
El resumen describe el proceso con detalle.,NON_CONTROL,general,v2_d_general_b_05
El resumen recoge opiniones de varios expertos.,NON_CONTROL,general,v2_d_general_b_05
El resumen cierra con una reflexión abierta.,NON_CONTROL,general,v2_d_general_b_05
La crónica necesita una última lectura atenta.,NON_CONTROL,general,v2_d_general_b_06
La crónica describe el proceso con detalle.,NON_CONTROL,general,v2_d_general_b_06
La crónica recoge opiniones de varios expertos.,NON_CONTROL,general,v2_d_general_b_06
La crónica cierra con una reflexión abierta.,NON_CONTROL,general,v2_d_general_b_06
El acta necesita una última lectura atenta.,NON_CONTROL,general,v2_d_general_b_06
El acta describe el proceso con detalle.,NON_CONTROL,general,v2_d_general_b_06
El acta recoge opiniones de varios expertos.,NON_CONTROL,general,v2_d_general_b_07
El acta cierra con una reflexión abierta.,NON_CONTROL,general,v2_d_general_b_07
La minuta necesita una última lectura atenta.,NON_CONTROL,general,v2_d_general_b_07
La minuta describe el proceso con detalle.,NON_CONTROL,general,v2_d_general_b_07
La minuta recoge opiniones de varios expertos.,NON_CONTROL,general,v2_d_general_b_07
La minuta cierra con una reflexión abierta.,NON_CONTROL,general,v2_d_general_b_07
El boletín necesita una última lectura atenta.,NON_CONTROL,general,v2_d_general_b_08
El boletín describe el proceso con detalle.,NON_CONTROL,general,v2_d_general_b_08
El boletín recoge opiniones de varios expertos.,NON_CONTROL,general,v2_d_general_b_08
El boletín cierra con una reflexión abierta.,NON_CONTROL,general,v2_d_general_b_08
La reseña necesita una última lectura atenta.,NON_CONTROL,general,v2_d_general_b_08
La reseña describe el proceso con detalle.,NON_CONTROL,general,v2_d_general_b_08
La reseña recoge opiniones de varios expertos.,NON_CONTROL,general,v2_d_general_b_09
La reseña cierra con una reflexión abierta.,NON_CONTROL,general,v2_d_general_b_09
El manifiesto necesita una última lectura atenta.,NON_CONTROL,general,v2_d_general_b_09
El manifiesto describe el proceso con detalle.,NON_CONTROL,general,v2_d_general_b_09
El manifiesto recoge opiniones de varios expertos.,NON_CONTROL,general,v2_d_general_b_09
El manifiesto cierra con una reflexión abierta.,NON_CONTROL,general,v2_d_general_b_09
La carta apareció publicada esta mañana.,NON_CONTROL,general,v2_d_general_c_00
La carta pasó por tres rondas de corrección.,NON_CONTROL,general,v2_d_general_c_00
El ensayo apareció publicada esta mañana.,NON_CONTROL,general,v2_d_general_c_00
El ensayo pasó por tres rondas de corrección.,NON_CONTROL,general,v2_d_general_c_00
La memoria apareció publicada esta mañana.,NON_CONTROL,general,v2_d_general_c_00
La memoria pasó por tres rondas de corrección.,NON_CONTROL,general,v2_d_general_c_00
El resumen apareció publicada esta mañana.,NON_CONTROL,general,v2_d_general_c_01
El resumen pasó por tres rondas de corrección.,NON_CONTROL,general,v2_d_general_c_01
La crónica apareció publicada esta mañana.,NON_CONTROL,general,v2_d_general_c_01
La crónica pasó por tres rondas de corrección.,NON_CONTROL,general,v2_d_general_c_01
El acta apareció publicada esta mañana.,NON_CONTROL,general,v2_d_general_c_01
El acta pasó por tres rondas de corrección.,NON_CONTROL,general,v2_d_general_c_01
La minuta apareció publicada esta mañana.,NON_CONTROL,general,v2_d_general_c_02
La minuta pasó por tres rondas de corrección.,NON_CONTROL,general,v2_d_general_c_02
El boletín apareció publicada esta mañana.,NON_CONTROL,general,v2_d_general_c_02
El boletín pasó por tres rondas de corrección.,NON_CONTROL,general,v2_d_general_c_02
La reseña apareció publicada esta mañana.,NON_CONTROL,general,v2_d_general_c_02
La reseña pasó por tres rondas de corrección.,NON_CONTROL,general,v2_d_general_c_02
El manifiesto apareció publicada esta mañana.,NON_CONTROL,general,v2_d_general_c_03
El manifiesto pasó por tres rondas de corrección.,NON_CONTROL,general,v2_d_general_c_03
Borrar archivos accidentalmente puede generar problemas graves.,NON_CONTROL,hard-infinitivo,v2_d_hard_inf_00
Cambiar el formato sin avisar confunde a quien lee.,NON_CONTROL,hard-infinitivo,v2_d_hard_inf_00
Seleccionar adecuadamente la muestra determina la validez del estudio.,NON_CONTROL,hard-infinitivo,v2_d_hard_inf_00
Reemplazar palabras sin criterio empobrece el texto.,NON_CONTROL,hard-infinitivo,v2_d_hard_inf_00
Deshacer acciones forma parte del aprendizaje con herramientas nuevas.,NON_CONTROL,hard-infinitivo,v2_d_hard_inf_00
Poner títulos descriptivos facilita la navegación del documento.,NON_CONTROL,hard-infinitivo,v2_d_hard_inf_00
Eliminar párrafos enteros debería requerir confirmación previa.,NON_CONTROL,hard-infinitivo,v2_d_hard_inf_01
Rehacer un trabajo desde cero consume demasiado tiempo.,NON_CONTROL,hard-infinitivo,v2_d_hard_inf_01
Borrar información accidentalmente puede afectar la experiencia.,NON_CONTROL,hard-infinitivo,v2_d_hard_inf_01
Cambiar el título puede ayudar a comunicar mejor el objetivo.,NON_CONTROL,hard-infinitivo,v2_d_hard_inf_01
Deshacer una acción debería resultar sencillo para cualquier persona.,NON_CONTROL,hard-infinitivo,v2_d_hard_inf_01
Seleccionar participantes correctamente exige criterios explícitos.,NON_CONTROL,hard-infinitivo,v2_d_hard_inf_01
Borrar datos por accidente provoca pérdida de información valiosa.,NON_CONTROL,hard-infinitivo,v2_d_hard_inf_02
Cambiar un encabezado modifica la interpretación de una sección.,NON_CONTROL,hard-infinitivo,v2_d_hard_inf_02
Reemplazar términos automáticamente puede introducir errores sutiles.,NON_CONTROL,hard-infinitivo,v2_d_hard_inf_03
Poner demasiado texto en negritas reduce su utilidad visual.,NON_CONTROL,hard-infinitivo,v2_d_hard_inf_03
Eliminar contenido sin confirmación resulta frustrante.,NON_CONTROL,hard-infinitivo,v2_d_hard_inf_03
Rehacer una acción permite recuperar un cambio revertido.,NON_CONTROL,hard-infinitivo,v2_d_hard_inf_03
Borrar texto accidentalmente es frustrante para cualquiera.,NON_CONTROL,hard-infinitivo,v2_d_hard_inf_03
Cambiar el título mejora la claridad del documento.,NON_CONTROL,hard-infinitivo,v2_d_hard_inf_03
Deshacer modificaciones es una función importante del editor.,NON_CONTROL,hard-infinitivo,v2_d_hard_inf_04
Seleccionar bien las palabras define el tono del mensaje.,NON_CONTROL,hard-infinitivo,v2_d_hard_inf_04
Reemplazar expresiones coloquiales eleva el registro del texto.,NON_CONTROL,hard-infinitivo,v2_d_hard_inf_04
Poner ejemplos concretos ayuda a entender ideas abstractas.,NON_CONTROL,hard-infinitivo,v2_d_hard_inf_04
Cambiar de tema bruscamente desorienta al lector.,NON_CONTROL,hard-infinitivo,v2_d_hard_inf_04
Borrar mensajes antiguos libera espacio en el teléfono.,NON_CONTROL,hard-infinitivo,v2_d_hard_inf_04
Cambiar contraseñas con frecuencia refuerza la seguridad.,NON_CONTROL,hard-infinitivo,v2_d_hard_inf_05
Seleccionar un buen asiento mejora la experiencia del vuelo.,NON_CONTROL,hard-infinitivo,v2_d_hard_inf_05
Reemplazar la batería extendió la vida del portátil.,NON_CONTROL,hard-infinitivo,v2_d_hard_inf_05
Deshacer la maleta lleva menos tiempo del esperado.,NON_CONTROL,hard-infinitivo,v2_d_hard_inf_05
Poner límites claros evita malentendidos en el equipo.,NON_CONTROL,hard-infinitivo,v2_d_hard_inf_05
Eliminar duplicados ordenó por fin la biblioteca.,NON_CONTROL,hard-infinitivo,v2_d_hard_inf_05
Rehacer el presupuesto trimestral tomó toda la tarde.,NON_CONTROL,hard-infinitivo,v2_d_hard_inf_06
Borrar historiales antiguos es una práctica recomendada.,NON_CONTROL,hard-infinitivo,v2_d_hard_inf_06
Cambiar tipografías altera la personalidad del documento.,NON_CONTROL,hard-infinitivo,v2_d_hard_inf_06
Seleccionar fondos claros favorece la lectura prolongada.,NON_CONTROL,hard-infinitivo,v2_d_hard_inf_06
Reemplazar conectores repetidos mejora la fluidez.,NON_CONTROL,hard-infinitivo,v2_d_hard_inf_06
Deshacer particiones del disco requiere herramientas especiales.,NON_CONTROL,hard-infinitivo,v2_d_hard_inf_06
Poner subtítulos descriptivos orienta al espectador.,NON_CONTROL,hard-infinitivo,v2_d_hard_inf_07
Eliminar anuncios emergentes agiliza la navegación.,NON_CONTROL,hard-infinitivo,v2_d_hard_inf_07
Rehacer maquetas del proyecto consumió el fin de semana.,NON_CONTROL,hard-infinitivo,v2_d_hard_inf_07
Modificar registros antiguos exige permisos especiales.,NON_CONTROL,hard-infinitivo,v2_d_hard_inf_07
Subrayar ideas clave facilita el repaso posterior.,NON_CONTROL,hard-infinitivo,v2_d_hard_inf_07
Rehacer cálculos extensos introduce errores de arrastre.,NON_CONTROL,hard-infinitivo,v2_d_hard_inf_07
Seleccionar el menú degustación fue un acierto.,NON_CONTROL,hard-infinitivo,v2_d_hard_inf_08
"La frase ""borra esto"" puede resultar ambigua sin contexto.",NON_CONTROL,hard-cita,v2_d_hard_cita_00
"Un ejemplo de comando sería ""pon esto en negritas"".",NON_CONTROL,hard-cita,v2_d_hard_cita_00
"La documentación utiliza la instrucción ""deshaz el cambio"".",NON_CONTROL,hard-cita,v2_d_hard_cita_00
"El manual incluye el ejemplo ""cambia el título a Resultados"".",NON_CONTROL,hard-cita,v2_d_hard_cita_00
"En clase analizamos la orden ""selecciona el segundo párrafo"".",NON_CONTROL,hard-cita,v2_d_hard_cita_00
"El tutorial muestra cómo decir ""hazlo más corto"".",NON_CONTROL,hard-cita,v2_d_hard_cita_00
"La expresión ""cambia esa parte"" aparece en las instrucciones.",NON_CONTROL,hard-cita,v2_d_hard_cita_01
"La consigna ""reescribe este párrafo"" confunde a algunos estudiantes.",NON_CONTROL,hard-cita,v2_d_hard_cita_02
"Escuché a alguien decir ""quita esta oración"" durante la prueba.",NON_CONTROL,hard-cita,v2_d_hard_cita_02
"El artículo cita la instrucción ""subraya esta parte"".",NON_CONTROL,hard-cita,v2_d_hard_cita_02
"El profesor dictó la consigna ""lean el capítulo tres"".",NON_CONTROL,hard-cita,v2_d_hard_cita_02
"El cartel advierte ""no borrar este aviso"".",NON_CONTROL,hard-cita,v2_d_hard_cita_02
"La guía recomienda decir ""siguiente"" para avanzar.",NON_CONTROL,hard-cita,v2_d_hard_cita_02
"La nota al pie aclara ""título provisional sujeto a cambios"".",NON_CONTROL,hard-cita,v2_d_hard_cita_03
"El examen pide ""describa el procedimiento"" en pasado.",NON_CONTROL,hard-cita,v2_d_hard_cita_03
"La rúbrica exige ""cambios justificados"" en cada entrega.",NON_CONTROL,hard-cita,v2_d_hard_cita_03
"El aviso dice ""no cambiar la configuración"".",NON_CONTROL,hard-cita,v2_d_hard_cita_03
"La etiqueta indica ""reemplazar cada seis meses"".",NON_CONTROL,hard-cita,v2_d_hard_cita_03
"El letrero pide ""seleccionar una opción"".",NON_CONTROL,hard-cita,v2_d_hard_cita_03
"La receta ordena ""poner a fuego lento"".",NON_CONTROL,hard-cita,v2_d_hard_cita_04
"El formulario solicita ""borrar lo que no aplique"".",NON_CONTROL,hard-cita,v2_d_hard_cita_04
"La instrucción ""borra esto"" aparece en el ejemplo.",NON_CONTROL,hard-cita,v2_d_hard_cita_04
"Una persona puede decir ""cambia el título a Resultados"".",NON_CONTROL,hard-cita,v2_d_hard_cita_04
"La frase ""hazlo más corto"" necesita contexto.",NON_CONTROL,hard-cita,v2_d_hard_cita_04
El comando borrar elimina el contenido seleccionado.,NON_CONTROL,hard-metalenguaje,v2_d_hard_meta_00
La función deshacer restaura el estado anterior del documento.,NON_CONTROL,hard-metalenguaje,v2_d_hard_meta_00
La opción reemplazar busca coincidencias en todo el texto.,NON_CONTROL,hard-metalenguaje,v2_d_hard_meta_00
El botón guardar conserva una copia automáticamente.,NON_CONTROL,hard-metalenguaje,v2_d_hard_meta_00
El menú formato agrupa las opciones de estilo disponibles.,NON_CONTROL,hard-metalenguaje,v2_d_hard_meta_00
La herramienta de selección permite marcar varios fragmentos.,NON_CONTROL,hard-metalenguaje,v2_d_hard_meta_00
El historial de cambios registra cada edición realizada.,NON_CONTROL,hard-metalenguaje,v2_d_hard_meta_01
El corrector sugiere alternativas mientras se escribe.,NON_CONTROL,hard-metalenguaje,v2_d_hard_meta_01
El dictado por voz interpreta pausas como signos de puntuación.,NON_CONTROL,hard-metalenguaje,v2_d_hard_meta_01
El editor permite cambiar el título desde la barra superior.,NON_CONTROL,hard-metalenguaje,v2_d_hard_meta_01
La función deshacer recupera el contenido anterior sin esfuerzo.,NON_CONTROL,hard-metalenguaje,v2_d_hard_meta_01
El corrector automático puede reemplazar palabras mientras escribes.,NON_CONTROL,hard-metalenguaje,v2_d_hard_meta_01
Seleccionar texto con el teclado requiere práctica inicial.,NON_CONTROL,hard-metalenguaje,v2_d_hard_meta_02
El título del documento aparece en la ventana principal.,NON_CONTROL,hard-metalenguaje,v2_d_hard_meta_02
El modo dictado desactiva temporalmente los atajos de formato.,NON_CONTROL,hard-metalenguaje,v2_d_hard_meta_02
La papelera conserva archivos eliminados durante treinta días.,NON_CONTROL,hard-metalenguaje,v2_d_hard_meta_02
El atajo de deshacer funciona en casi todas las aplicaciones.,NON_CONTROL,hard-metalenguaje,v2_d_hard_meta_02
El selector de idioma aparece en la barra de estado.,NON_CONTROL,hard-metalenguaje,v2_d_hard_meta_02
El reemplazo de texto expande abreviaturas frecuentes.,NON_CONTROL,hard-metalenguaje,v2_d_hard_meta_03
El panel de estilos centraliza títulos y citas.,NON_CONTROL,hard-metalenguaje,v2_d_hard_meta_03
El comando borrar elimina la selección.,NON_CONTROL,hard-metalenguaje,v2_d_hard_meta_03
La opción deshacer restaura el cambio anterior.,NON_CONTROL,hard-metalenguaje,v2_d_hard_meta_03
Cambiar un título puede modificar la interpretación.,NON_CONTROL,hard-metalenguaje,v2_d_hard_meta_03
El corrector de estilo sugiere dividir oraciones largas.,NON_CONTROL,hard-metalenguaje,v2_d_hard_meta_03
El modo control por voz enumera sus comandos disponibles.,NON_CONTROL,hard-metalenguaje,v2_d_hard_meta_04
El asistente de escritura propone reformulaciones opcionales.,NON_CONTROL,hard-metalenguaje,v2_d_hard_meta_04
Quiero escribir que el editor puede cambiar el título automáticamente.,NON_CONTROL,hard-primera-persona,v2_d_hard_1p_00
Voy a contar que borrar párrafos me cuesta mucho trabajo.,NON_CONTROL,hard-primera-persona,v2_d_hard_1p_00
Pienso explicar que deshacer cambios tranquiliza a quien escribe.,NON_CONTROL,hard-primera-persona,v2_d_hard_1p_00
Quiero decir que seleccionar bien las ideas ordena el texto.,NON_CONTROL,hard-primera-persona,v2_d_hard_1p_00
Voy a escribir que poner ejemplos mejora cualquier explicación.,NON_CONTROL,hard-primera-persona,v2_d_hard_1p_00
Me gustaría contar que reemplazar términos aclara el mensaje.,NON_CONTROL,hard-primera-persona,v2_d_hard_1p_00
Quiero mencionar que cambiar de enfoque renovó mi proyecto.,NON_CONTROL,hard-primera-persona,v2_d_hard_1p_01
Pienso escribir que el comando deshacer salvó mi documento ayer.,NON_CONTROL,hard-primera-persona,v2_d_hard_1p_01
Voy a narrar que cambiar de ciudad me enseñó a adaptarme.,NON_CONTROL,hard-primera-persona,v2_d_hard_1p_01
Quiero relatar que borrar aquel mensaje fue un alivio.,NON_CONTROL,hard-primera-persona,v2_d_hard_1p_01
Pienso contar que seleccionar el tema llevó semanas.,NON_CONTROL,hard-primera-persona,v2_d_hard_1p_01
Me propongo escribir que poner límites me ayudó a avanzar.,NON_CONTROL,hard-primera-persona,v2_d_hard_1p_01
Voy a explicar que reemplazar hábitos cuesta varios intentos.,NON_CONTROL,hard-primera-persona,v2_d_hard_1p_02
Voy a describir que poner orden alivió el caos inicial.,NON_CONTROL,hard-primera-persona,v2_d_hard_1p_02
Pienso relatar que deshacer acuerdos cuesta más que firmarlos.,NON_CONTROL,hard-primera-persona,v2_d_hard_1p_02
Voy a anotar que reemplazar quejas por propuestas unió al grupo.,NON_CONTROL,hard-primera-persona,v2_d_hard_1p_02
Es importante cambiar la manera en que diseñamos interfaces.,NON_CONTROL,hard-mixto,v2_d_hard_mixto_00
Borrar información sin respaldo es una mala práctica profesional.,NON_CONTROL,hard-mixto,v2_d_hard_mixto_00
El título debe comunicar claramente el objetivo del proyecto.,NON_CONTROL,hard-mixto,v2_d_hard_mixto_00
Seleccionar correctamente los participantes es importante para el estudio.,NON_CONTROL,hard-mixto,v2_d_hard_mixto_00
Deshacer una acción debería ser sencillo para el usuario.,NON_CONTROL,hard-mixto,v2_d_hard_mixto_00
Reemplazar el cable dañado resolvió el problema del laboratorio.,NON_CONTROL,hard-mixto,v2_d_hard_mixto_00
Poner la mesa antes de cenar es tradición en mi casa.,NON_CONTROL,hard-mixto,v2_d_hard_mixto_01
Cambiar de opinión con nuevos datos es señal de criterio.,NON_CONTROL,hard-mixto,v2_d_hard_mixto_01
El editor de la revista pidió cambios antes del viernes.,NON_CONTROL,hard-mixto,v2_d_hard_mixto_01
Borró su presentación anterior y empezó de nuevo.,NON_CONTROL,hard-mixto,v2_d_hard_mixto_01
La ponente cambió el título a última hora.,NON_CONTROL,hard-mixto,v2_d_hard_mixto_01
Seleccionaron tres casos para el análisis detallado.,NON_CONTROL,hard-mixto,v2_d_hard_mixto_01
El taller enseña a reemplazar piezas defectuosas.,NON_CONTROL,hard-mixto,v2_d_hard_mixto_02
Deshizo el nudo con paciencia antes de continuar.,NON_CONTROL,hard-mixto,v2_d_hard_mixto_02
Cambiaron la cerradura después del incidente.,NON_CONTROL,hard-mixto,v2_d_hard_mixto_02
El jurado cambió el veredicto tras la apelación.,NON_CONTROL,hard-mixto,v2_d_hard_mixto_02
Reemplazó la bombilla antes de que anocheciera.,NON_CONTROL,hard-mixto,v2_d_hard_mixto_02
Deshicieron las maletas nada más llegar.,NON_CONTROL,hard-mixto,v2_d_hard_mixto_02
El título nobiliario recayó en la hija mayor.,NON_CONTROL,hard-mixto,v2_d_hard_mixto_03
Poner fin a la reunión llevó otra hora de debate.,NON_CONTROL,hard-mixto,v2_d_hard_mixto_03
Seleccionar al azar garantiza imparcialidad estadística.,NON_CONTROL,hard-mixto,v2_d_hard_mixto_03
Borrar es la acción más temida por los novatos.,NON_CONTROL,hard-mixto,v2_d_hard_mixto_03
Ya veo.,NON_CONTROL,fragmento,v2_d_frag_a_01
Claro.,NON_CONTROL,fragmento,v2_d_frag_a_01
Entiendo.,NON_CONTROL,fragmento,v2_d_frag_a_01
De acuerdo.,NON_CONTROL,fragmento,v2_d_frag_a_01
Perfecto.,NON_CONTROL,fragmento,v2_d_frag_a_02
Interesante.,NON_CONTROL,fragmento,v2_d_frag_a_02
Vaya.,NON_CONTROL,fragmento,v2_d_frag_a_02
"Ah, sí.",NON_CONTROL,fragmento,v2_d_frag_a_02
Mmm.,NON_CONTROL,fragmento,v2_d_frag_a_02
Vale.,NON_CONTROL,fragmento,v2_d_frag_a_02
Exacto.,NON_CONTROL,fragmento,v2_d_frag_a_03
Correcto.,NON_CONTROL,fragmento,v2_d_frag_a_03
Ajá.,NON_CONTROL,fragmento,v2_d_frag_a_03
Oh.,NON_CONTROL,fragmento,v2_d_frag_a_03
Bien.,NON_CONTROL,fragmento,v2_d_frag_a_03
Ni idea.,NON_CONTROL,fragmento,v2_d_frag_b_00
Quién sabe.,NON_CONTROL,fragmento,v2_d_frag_b_00
Puede ser.,NON_CONTROL,fragmento,v2_d_frag_b_00
Ya.,NON_CONTROL,fragmento,v2_d_frag_b_00
Listo.,NON_CONTROL,fragmento,v2_d_frag_b_00
Hecho.,NON_CONTROL,fragmento,v2_d_frag_b_00
Siguiente.,NON_CONTROL,fragmento,v2_d_frag_b_01
Continúa.,NON_CONTROL,fragmento,v2_d_frag_b_01
Prosigue.,NON_CONTROL,fragmento,v2_d_frag_b_01
Te escucho.,NON_CONTROL,fragmento,v2_d_frag_b_01
Dime.,NON_CONTROL,fragmento,v2_d_frag_b_01
A ver.,NON_CONTROL,fragmento,v2_d_frag_b_01
Espera.,NON_CONTROL,fragmento,v2_d_frag_b_02
Un momento.,NON_CONTROL,fragmento,v2_d_frag_b_02
Pausa.,NON_CONTROL,fragmento,v2_d_frag_b_02
Sigo.,NON_CONTROL,fragmento,v2_d_frag_b_02
Adelante.,NON_CONTROL,fragmento,v2_d_frag_b_02
Ya casi.,NON_CONTROL,fragmento,v2_d_frag_b_02
Falta poco.,NON_CONTROL,fragmento,v2_d_frag_b_03
Sigo pensando.,NON_CONTROL,fragmento,v2_d_frag_b_03
Déjame ver.,NON_CONTROL,fragmento,v2_d_frag_b_03
A ver si entiendo.,NON_CONTROL,fragmento,v2_d_frag_b_03
Claro que sí.,NON_CONTROL,fragmento,v2_d_frag_b_03
Por supuesto.,NON_CONTROL,fragmento,v2_d_frag_b_03
Desde luego.,NON_CONTROL,fragmento,v2_d_frag_b_04
Qué bien.,NON_CONTROL,fragmento,v2_d_frag_c_00
Qué raro.,NON_CONTROL,fragmento,v2_d_frag_c_00
No sé.,NON_CONTROL,fragmento,v2_d_frag_c_00
No estoy seguro.,NON_CONTROL,fragmento,v2_d_frag_c_00
Depende.,NON_CONTROL,fragmento,v2_d_frag_c_00
Más o menos.,NON_CONTROL,fragmento,v2_d_frag_c_00
Eso creo.,NON_CONTROL,fragmento,v2_d_frag_c_01
Supongo.,NON_CONTROL,fragmento,v2_d_frag_c_01
Imagino.,NON_CONTROL,fragmento,v2_d_frag_c_01
Ojalá.,NON_CONTROL,fragmento,v2_d_frag_c_01
Oye.,NON_CONTROL,fragmento,v2_d_frag_c_01
Mira.,NON_CONTROL,fragmento,v2_d_frag_c_01
Fíjate.,NON_CONTROL,fragmento,v2_d_frag_c_02
Anda.,NON_CONTROL,fragmento,v2_d_frag_c_02
Venga.,NON_CONTROL,fragmento,v2_d_frag_c_02
Hala.,NON_CONTROL,fragmento,v2_d_frag_c_02
Uf.,NON_CONTROL,fragmento,v2_d_frag_c_02
Ay.,NON_CONTROL,fragmento,v2_d_frag_c_02
Eh.,NON_CONTROL,fragmento,v2_d_frag_c_03
Pues.,NON_CONTROL,fragmento,v2_d_frag_c_03
"Bueno, sigo.",NON_CONTROL,fragmento,v2_d_frag_c_03
Nada más.,NON_CONTROL,fragmento,v2_d_frag_c_03
Eso es todo.,NON_CONTROL,fragmento,v2_d_frag_c_03
Fin del párrafo.,NON_CONTROL,fragmento,v2_d_frag_c_03
Punto final.,NON_CONTROL,fragmento,v2_d_frag_c_04
No sé todavía.,NON_CONTROL,fragmento,v2_d_frag_c_04
Tal vez sí.,NON_CONTROL,fragmento,v2_d_frag_c_04
Eso no está bien.,NON_CONTROL,fragmento,v2_d_frag_c_04
Me parece mejor así.,NON_CONTROL,fragmento,v2_d_frag_c_04
Eso podría funcionar.,NON_CONTROL,fragmento,v2_d_frag_c_04
Me gusta más de esta manera.,NON_CONTROL,fragmento,v2_d_frag_c_05
"Bueno, tal vez.",NON_CONTROL,fragmento,v2_d_frag_c_05
No estoy seguro aún.,NON_CONTROL,fragmento,v2_d_frag_c_05
Así no.,NON_CONTROL,fragmento,v2_d_frag_c_05
Creo que está correcto.,NON_CONTROL,fragmento,v2_d_frag_c_05
Mejor déjalo así.,NON_CONTROL,fragmento,v2_d_frag_c_05
Pon como título Hallazgos.,EDITOR_CONTROL,titulo,v3_c_titulo_06
Quiero que cambies el título a Hallazgos.,EDITOR_CONTROL,titulo,v3_c_titulo_06
Pon como título Propuesta.,EDITOR_CONTROL,titulo,v3_c_titulo_06
Quiero que cambies el título a Propuesta.,EDITOR_CONTROL,titulo,v3_c_titulo_07
Pon como título Síntesis.,EDITOR_CONTROL,titulo,v3_c_titulo_07
Quiero que cambies el título a Síntesis.,EDITOR_CONTROL,titulo,v3_c_titulo_08
Titula esto como Apéndice.,EDITOR_CONTROL,titulo,v3_c_titulo_b_00
Renombra el encabezado principal.,EDITOR_CONTROL,titulo,v3_c_titulo_b_00
Sustituye esta palabra por dificultades.,EDITOR_CONTROL,reemplazar,v3_c_reemplazar_00
Sustituye esta palabra por interfaz.,EDITOR_CONTROL,reemplazar,v3_c_reemplazar_00
Sustituye esta palabra por accesibilidad.,EDITOR_CONTROL,reemplazar,v3_c_reemplazar_01
Sustituye esta palabra por sistema.,EDITOR_CONTROL,reemplazar,v3_c_reemplazar_01
Sustituye esta palabra por diseño.,EDITOR_CONTROL,reemplazar,v3_c_reemplazar_02
Sustituye esta palabra por término.,EDITOR_CONTROL,reemplazar,v3_c_reemplazar_02
Hazlo más neutro.,EDITOR_CONTROL,reformular,v3_c_reformular_04
Haz este párrafo más neutro.,EDITOR_CONTROL,reformular,v3_c_reformular_04
Reescribe lo seleccionado más neutro.,EDITOR_CONTROL,reformular,v3_c_reformular_04
Abre el archivo anterior.,EDITOR_CONTROL,open,v3_c_open_00
Abre la carpeta del proyecto.,EDITOR_CONTROL,open,v3_c_open_00
Abre el último borrador.,EDITOR_CONTROL,open,v3_c_open_00
Abre el pdf de referencia.,EDITOR_CONTROL,open,v3_c_open_00
Abre una ventana nueva.,EDITOR_CONTROL,open,v3_c_open_00
Guarda los cambios.,EDITOR_CONTROL,save,v3_c_save_00
Guarda una copia.,EDITOR_CONTROL,save,v3_c_save_00
Guarda antes de salir.,EDITOR_CONTROL,save,v3_c_save_00
Guarda el archivo con otro nombre.,EDITOR_CONTROL,save,v3_c_save_00
Guarda el progreso hasta aquí.,EDITOR_CONTROL,save,v3_c_save_00
Guarda como pdf.,EDITOR_CONTROL,save-as,v3_c_saveas_00
Guarda una copia en el escritorio.,EDITOR_CONTROL,save-as,v3_c_saveas_00
Exporta una copia de respaldo.,EDITOR_CONTROL,save-as,v3_c_saveas_00
Guarda con el nombre final.,EDITOR_CONTROL,save-as,v3_c_saveas_00
Duplica el archivo con fecha de hoy.,EDITOR_CONTROL,save-as,v3_c_saveas_00
Exporta esto como PDF.,EDITOR_CONTROL,export,v3_c_export_00
Exporta a texto plano.,EDITOR_CONTROL,export,v3_c_export_00
Genera el pdf para enviar.,EDITOR_CONTROL,export,v3_c_export_00
Convierte el archivo a Word.,EDITOR_CONTROL,export,v3_c_export_00
Imprime esta página.,EDITOR_CONTROL,print,v3_c_print_00
Imprime el documento completo.,EDITOR_CONTROL,print,v3_c_print_00
Manda a imprimir dos copias.,EDITOR_CONTROL,print,v3_c_print_00
Busca la palabra accesibilidad.,EDITOR_CONTROL,find,v3_c_find_00
Busca todas las menciones al autor.,EDITOR_CONTROL,find,v3_c_find_00
Encuentra la sección de resultados.,EDITOR_CONTROL,find,v3_c_find_00
Localiza la cita que falta.,EDITOR_CONTROL,find,v3_c_find_00
Busca el párrafo duplicado.,EDITOR_CONTROL,find,v3_c_find_00
Encuentra dónde dice conclusiones.,EDITOR_CONTROL,find,v3_c_find_00
Busca comas y reemplázalas por punto y coma.,EDITOR_CONTROL,find-replace,v3_c_findreplace_00
Encuentra espacios dobles y elimínalos.,EDITOR_CONTROL,find-replace,v3_c_findreplace_00
Busca el nombre viejo y actualízalo en todo el texto.,EDITOR_CONTROL,find-replace,v3_c_findreplace_00
Léeme este párrafo.,EDITOR_CONTROL,read-aloud,v3_c_readaloud_00
Lee desde aquí hasta el final.,EDITOR_CONTROL,read-aloud,v3_c_readaloud_00
Reproduce la lectura del capítulo.,EDITOR_CONTROL,read-aloud,v3_c_readaloud_00
Léeme el resumen en voz alta.,EDITOR_CONTROL,read-aloud,v3_c_readaloud_00
Ponle nombre al documento.,EDITOR_CONTROL,document-title,v3_c_doctitle_00
Cambia el nombre del archivo.,EDITOR_CONTROL,document-title,v3_c_doctitle_00
Actualiza las propiedades del documento.,EDITOR_CONTROL,document-title,v3_c_doctitle_00
Agrega el autor a los metadatos.,EDITOR_CONTROL,document-title,v3_c_doctitle_00
Marca la oración completa.,EDITOR_CONTROL,select,v3_c_select2_00
Elige todo el capítulo.,EDITOR_CONTROL,select,v3_c_select2_00
Selecciona la tabla entera.,EDITOR_CONTROL,select,v3_c_select2_00
Copia este párrafo.,EDITOR_CONTROL,copy,v3_c_copy_00
Copia la cita al portapapeles.,EDITOR_CONTROL,copy,v3_c_copy_00
Copia esto para pegarlo después.,EDITOR_CONTROL,copy,v3_c_copy_00
Duplica esta sección abajo.,EDITOR_CONTROL,copy,v3_c_copy_00
Corta este fragmento.,EDITOR_CONTROL,cut,v3_c_cut_00
Recorta la introducción.,EDITOR_CONTROL,cut,v3_c_cut_00
Corta y pega esto al final.,EDITOR_CONTROL,cut,v3_c_cut_00
Mueve este bloque más arriba.,EDITOR_CONTROL,cut,v3_c_cut_00
Pega aquí el texto.,EDITOR_CONTROL,paste,v3_c_paste_00
Pega sin formato.,EDITOR_CONTROL,paste,v3_c_paste_00
Inserta lo del portapapeles.,EDITOR_CONTROL,paste,v3_c_paste_00
Inserta un salto de página.,EDITOR_CONTROL,insert,v3_c_insert_00
Sube este párrafo dos lugares.,EDITOR_CONTROL,move,v3_c_move_00
Reordena estos apartados.,EDITOR_CONTROL,move,v3_c_move_00
Traslada la conclusión al inicio.,EDITOR_CONTROL,move,v3_c_move_00
Verifica la gramática.,EDITOR_CONTROL,correct,v3_c_correct_00
La interacción humano computadora estudia los sistemas interactivos.,NON_CONTROL,academico,v3_d_academico_00
Durante los últimos años surgieron interfaces multimodales.,NON_CONTROL,academico,v3_d_academico_00
Mi proyecto propone un editor para personas con TDAH.,NON_CONTROL,academico,v3_d_academico_00
Las sesiones prolongadas de escritura generan fatiga.,NON_CONTROL,academico,v3_d_academico_00
La accesibilidad cognitiva reduce la carga mental.,NON_CONTROL,academico,v3_d_academico_00
El reconocimiento de voz permite dictar sin teclado.,NON_CONTROL,academico,v3_d_academico_00
Un estudio evaluó interrupciones durante la redacción.,NON_CONTROL,academico,v3_d_academico_01
La multimodalidad distribuye la atención del usuario.,NON_CONTROL,academico,v3_d_academico_01
El diseño centrado en el usuario exige pruebas reales.,NON_CONTROL,academico,v3_d_academico_01
Los correctores automáticos mejoran cada año.,NON_CONTROL,academico,v3_d_academico_01
La tesis analiza barreras en herramientas de productividad.,NON_CONTROL,academico,v3_d_academico_01
La muestra incluyó estudiantes con diagnóstico de TDAH.,NON_CONTROL,academico,v3_d_academico_01
Las métricas cubrieron tiempo y errores por tarea.,NON_CONTROL,academico,v3_d_academico_02
El dictado continuo tolera pausas y titubeos.,NON_CONTROL,academico,v3_d_academico_02
La confirmación explícita evita cambios accidentales.,NON_CONTROL,academico,v3_d_academico_02
Guardar versiones intermedias protege el trabajo.,NON_CONTROL,academico,v3_d_academico_02
La lectura en voz alta detecta frases largas.,NON_CONTROL,academico,v3_d_academico_02
El portapapeles múltiple agiliza reorganizar texto.,NON_CONTROL,academico,v3_d_academico_02
Exportar a varios formatos evita fricciones.,NON_CONTROL,academico,v3_d_academico_03
El control de cambios colorea ediciones recientes.,NON_CONTROL,academico,v3_d_academico_03
La sincronización en la nube plantea dilemas de privacidad.,NON_CONTROL,academico,v3_d_academico_03
La autocorrección agresiva altera palabras correctas.,NON_CONTROL,academico,v3_d_academico_03
Abrir archivos grandes puede requerir más memoria.,NON_CONTROL,academico,v3_d_academico_03
Imprimir documentos sigue siendo necesario en algunos contextos.,NON_CONTROL,academico,v3_d_academico_03
Buscar información es frecuente durante la escritura.,NON_CONTROL,academico,v3_d_academico_04
Leer en voz alta ayuda durante la revisión.,NON_CONTROL,academico,v3_d_academico_04
Copiar y pegar texto puede producir duplicados.,NON_CONTROL,academico,v3_d_academico_04
El estudio muestra mejoras en velocidad de escritura.,NON_CONTROL,academico,v3_d_acad_suj_a_00
El estudio confirma el valor del contexto al dictar.,NON_CONTROL,academico,v3_d_acad_suj_a_00
El estudio revela patrones de uso de la voz.,NON_CONTROL,academico,v3_d_acad_suj_a_00
El estudio sugiere líneas de trabajo futuro.,NON_CONTROL,academico,v3_d_acad_suj_a_00
La investigación muestra mejoras en velocidad de escritura.,NON_CONTROL,academico,v3_d_acad_suj_a_00
La investigación confirma el valor del contexto al dictar.,NON_CONTROL,academico,v3_d_acad_suj_a_00
La investigación revela patrones de uso de la voz.,NON_CONTROL,academico,v3_d_acad_suj_a_01
La investigación sugiere líneas de trabajo futuro.,NON_CONTROL,academico,v3_d_acad_suj_a_01
El análisis muestra mejoras en velocidad de escritura.,NON_CONTROL,academico,v3_d_acad_suj_a_01
El análisis confirma el valor del contexto al dictar.,NON_CONTROL,academico,v3_d_acad_suj_a_01
El análisis revela patrones de uso de la voz.,NON_CONTROL,academico,v3_d_acad_suj_a_01
El análisis sugiere líneas de trabajo futuro.,NON_CONTROL,academico,v3_d_acad_suj_a_01
El experimento muestra mejoras en velocidad de escritura.,NON_CONTROL,academico,v3_d_acad_suj_a_02
El experimento confirma el valor del contexto al dictar.,NON_CONTROL,academico,v3_d_acad_suj_a_02
El experimento revela patrones de uso de la voz.,NON_CONTROL,academico,v3_d_acad_suj_a_02
El experimento sugiere líneas de trabajo futuro.,NON_CONTROL,academico,v3_d_acad_suj_a_02
La evaluación muestra mejoras en velocidad de escritura.,NON_CONTROL,academico,v3_d_acad_suj_a_02
La evaluación confirma el valor del contexto al dictar.,NON_CONTROL,academico,v3_d_acad_suj_a_02
La evaluación revela patrones de uso de la voz.,NON_CONTROL,academico,v3_d_acad_suj_a_03
La evaluación sugiere líneas de trabajo futuro.,NON_CONTROL,academico,v3_d_acad_suj_a_03
El prototipo muestra mejoras en velocidad de escritura.,NON_CONTROL,academico,v3_d_acad_suj_a_03
El prototipo confirma el valor del contexto al dictar.,NON_CONTROL,academico,v3_d_acad_suj_a_03
El prototipo revela patrones de uso de la voz.,NON_CONTROL,academico,v3_d_acad_suj_a_03
El prototipo sugiere líneas de trabajo futuro.,NON_CONTROL,academico,v3_d_acad_suj_a_03
La tesis muestra mejoras en velocidad de escritura.,NON_CONTROL,academico,v3_d_acad_suj_a_04
La tesis confirma el valor del contexto al dictar.,NON_CONTROL,academico,v3_d_acad_suj_a_04
La tesis revela patrones de uso de la voz.,NON_CONTROL,academico,v3_d_acad_suj_a_04
La tesis sugiere líneas de trabajo futuro.,NON_CONTROL,academico,v3_d_acad_suj_a_04
El informe muestra mejoras en velocidad de escritura.,NON_CONTROL,academico,v3_d_acad_suj_a_04
El informe confirma el valor del contexto al dictar.,NON_CONTROL,academico,v3_d_acad_suj_a_04
El informe revela patrones de uso de la voz.,NON_CONTROL,academico,v3_d_acad_suj_a_05
El informe sugiere líneas de trabajo futuro.,NON_CONTROL,academico,v3_d_acad_suj_a_05
El estudio destaca la accesibilidad cognitiva.,NON_CONTROL,academico,v3_d_acad_suj_b_00
El estudio aporta evidencia sobre fatiga prolongada.,NON_CONTROL,academico,v3_d_acad_suj_b_00
El estudio propone evaluar editores multimodales.,NON_CONTROL,academico,v3_d_acad_suj_b_00
El estudio documenta errores del dictado automático.,NON_CONTROL,academico,v3_d_acad_suj_b_00
La investigación destaca la accesibilidad cognitiva.,NON_CONTROL,academico,v3_d_acad_suj_b_00
La investigación aporta evidencia sobre fatiga prolongada.,NON_CONTROL,academico,v3_d_acad_suj_b_00
La investigación propone evaluar editores multimodales.,NON_CONTROL,academico,v3_d_acad_suj_b_01
La investigación documenta errores del dictado automático.,NON_CONTROL,academico,v3_d_acad_suj_b_01
El análisis destaca la accesibilidad cognitiva.,NON_CONTROL,academico,v3_d_acad_suj_b_01
El análisis aporta evidencia sobre fatiga prolongada.,NON_CONTROL,academico,v3_d_acad_suj_b_01
El análisis propone evaluar editores multimodales.,NON_CONTROL,academico,v3_d_acad_suj_b_01
El análisis documenta errores del dictado automático.,NON_CONTROL,academico,v3_d_acad_suj_b_01
El experimento destaca la accesibilidad cognitiva.,NON_CONTROL,academico,v3_d_acad_suj_b_02
El experimento aporta evidencia sobre fatiga prolongada.,NON_CONTROL,academico,v3_d_acad_suj_b_02
El experimento propone evaluar editores multimodales.,NON_CONTROL,academico,v3_d_acad_suj_b_02
El experimento documenta errores del dictado automático.,NON_CONTROL,academico,v3_d_acad_suj_b_02
La evaluación destaca la accesibilidad cognitiva.,NON_CONTROL,academico,v3_d_acad_suj_b_02
La evaluación aporta evidencia sobre fatiga prolongada.,NON_CONTROL,academico,v3_d_acad_suj_b_02
La evaluación propone evaluar editores multimodales.,NON_CONTROL,academico,v3_d_acad_suj_b_03
La evaluación documenta errores del dictado automático.,NON_CONTROL,academico,v3_d_acad_suj_b_03
El prototipo destaca la accesibilidad cognitiva.,NON_CONTROL,academico,v3_d_acad_suj_b_03
El prototipo aporta evidencia sobre fatiga prolongada.,NON_CONTROL,academico,v3_d_acad_suj_b_03
El prototipo propone evaluar editores multimodales.,NON_CONTROL,academico,v3_d_acad_suj_b_03
El prototipo documenta errores del dictado automático.,NON_CONTROL,academico,v3_d_acad_suj_b_03
La tesis destaca la accesibilidad cognitiva.,NON_CONTROL,academico,v3_d_acad_suj_b_04
La tesis aporta evidencia sobre fatiga prolongada.,NON_CONTROL,academico,v3_d_acad_suj_b_04
La tesis propone evaluar editores multimodales.,NON_CONTROL,academico,v3_d_acad_suj_b_04
La tesis documenta errores del dictado automático.,NON_CONTROL,academico,v3_d_acad_suj_b_04
El informe destaca la accesibilidad cognitiva.,NON_CONTROL,academico,v3_d_acad_suj_b_04
El informe aporta evidencia sobre fatiga prolongada.,NON_CONTROL,academico,v3_d_acad_suj_b_04
El informe propone evaluar editores multimodales.,NON_CONTROL,academico,v3_d_acad_suj_b_05
El informe documenta errores del dictado automático.,NON_CONTROL,academico,v3_d_acad_suj_b_05
El informe quedó listo ayer.,NON_CONTROL,general,v3_d_general_00
La propuesta incluye tres secciones.,NON_CONTROL,general,v3_d_general_00
El artículo será revisado por pares.,NON_CONTROL,general,v3_d_general_00
La carta circula entre asistentes.,NON_CONTROL,general,v3_d_general_00
El ensayo necesita una última lectura.,NON_CONTROL,general,v3_d_general_00
La memoria describe el proceso.,NON_CONTROL,general,v3_d_general_00
El acta apareció publicada hoy.,NON_CONTROL,general,v3_d_general_01
La reseña recibió buenos comentarios.,NON_CONTROL,general,v3_d_general_01
El boletín saldrá el próximo mes.,NON_CONTROL,general,v3_d_general_01
La gaceta agotó su edición.,NON_CONTROL,general,v3_d_general_01
El museo inaugura una sala interactiva.,NON_CONTROL,general,v3_d_general_01
La orquesta dará un concierto.,NON_CONTROL,general,v3_d_general_01
El mercado abre solo los domingos.,NON_CONTROL,general,v3_d_general_02
El tren amplió su recorrido.,NON_CONTROL,general,v3_d_general_02
La feria reunió a decenas de editoriales.,NON_CONTROL,general,v3_d_general_02
El hospital atiende urgencias.,NON_CONTROL,general,v3_d_general_02
El puente quedó iluminado con led.,NON_CONTROL,general,v3_d_general_02
El zoológico liberó tres cóndores.,NON_CONTROL,general,v3_d_general_02
Guardar documentos automáticamente mejora la recuperación ante fallos.,NON_CONTROL,hard-archivo,v3_d_hard_file_00
Imprimir demasiado contenido genera desperdicio.,NON_CONTROL,hard-archivo,v3_d_hard_file_00
Buscar información es una tarea frecuente durante la escritura.,NON_CONTROL,hard-archivo,v3_d_hard_file_00
Exportar un documento permite utilizarlo en otros sistemas.,NON_CONTROL,hard-archivo,v3_d_hard_file_00
Leer en voz alta puede ayudar durante la revisión.,NON_CONTROL,hard-archivo,v3_d_hard_file_01
Guardar información automáticamente reduce la pérdida de datos.,NON_CONTROL,hard-archivo,v3_d_hard_file_01
Abrir varias ventanas facilita comparar versiones.,NON_CONTROL,hard-archivo,v3_d_hard_file_01
Imprimir borradores ayuda a revisar con distancia.,NON_CONTROL,hard-archivo,v3_d_hard_file_01
Buscar definiciones interrumpe menos que preguntar.,NON_CONTROL,hard-archivo,v3_d_hard_file_01
Copiar citas textuales exige referenciar la fuente.,NON_CONTROL,hard-archivo,v3_d_hard_file_02
Exportar en pdf congela el formato final.,NON_CONTROL,hard-archivo,v3_d_hard_file_02
Leer poesía en voz alta mejora la dicción.,NON_CONTROL,hard-archivo,v3_d_hard_file_02
Pegar capturas ilustra mejor el procedimiento.,NON_CONTROL,hard-archivo,v3_d_hard_file_02
Guardar silencio también comunica en una reunión.,NON_CONTROL,hard-archivo,v3_d_hard_file_02
Abrir debate sobre el tema enriqueció la clase.,NON_CONTROL,hard-archivo,v3_d_hard_file_02
Imprimir carteles difundió el evento.,NON_CONTROL,hard-archivo,v3_d_hard_file_03
Buscar consenso llevó toda la tarde.,NON_CONTROL,hard-archivo,v3_d_hard_file_03
Borrar archivos viejos libera espacio útil.,NON_CONTROL,hard-infinitivo,v3_d_hard_inf_00
Cambiar el formato sin avisar confunde.,NON_CONTROL,hard-infinitivo,v3_d_hard_inf_00
Seleccionar la muestra determina la validez.,NON_CONTROL,hard-infinitivo,v3_d_hard_inf_00
Reemplazar palabras sin criterio empobrece.,NON_CONTROL,hard-infinitivo,v3_d_hard_inf_00
Deshacer acciones forma parte del aprendizaje.,NON_CONTROL,hard-infinitivo,v3_d_hard_inf_00
Poner títulos descriptivos facilita navegar.,NON_CONTROL,hard-infinitivo,v3_d_hard_inf_00
Eliminar párrafos debería pedir confirmación.,NON_CONTROL,hard-infinitivo,v3_d_hard_inf_01
Rehacer trabajos consume demasiado tiempo.,NON_CONTROL,hard-infinitivo,v3_d_hard_inf_01
Guardar copias frecuentes evita desastres.,NON_CONTROL,hard-infinitivo,v3_d_hard_inf_01
Abrir enlaces desconocidos es arriesgado.,NON_CONTROL,hard-infinitivo,v3_d_hard_inf_01
Imprimir a doble cara ahorra papel.,NON_CONTROL,hard-infinitivo,v3_d_hard_inf_01
Buscar atajos mejora la productividad.,NON_CONTROL,hard-infinitivo,v3_d_hard_inf_01
Copiar a mano fija mejor los conceptos.,NON_CONTROL,hard-infinitivo,v3_d_hard_inf_02
Exportar datos crudos permite auditarlos.,NON_CONTROL,hard-infinitivo,v3_d_hard_inf_02
Leer contratos completos evita sorpresas.,NON_CONTROL,hard-infinitivo,v3_d_hard_inf_02
Pegar con formato arrastra estilos indeseados.,NON_CONTROL,hard-infinitivo,v3_d_hard_inf_02
Modificar horarios exige negociar antes.,NON_CONTROL,hard-infinitivo,v3_d_hard_inf_02
Subrayar ideas clave facilita repasar.,NON_CONTROL,hard-infinitivo,v3_d_hard_inf_02
"La frase ""borra esto"" resulta ambigua sin contexto.",NON_CONTROL,hard-cita,v3_d_hard_cita_00
"Un ejemplo sería ""pon esto en negritas"".",NON_CONTROL,hard-cita,v3_d_hard_cita_00
"El manual muestra ""cambia el título a Resultados"".",NON_CONTROL,hard-cita,v3_d_hard_cita_00
"La consigna ""reescribe este párrafo"" confunde.",NON_CONTROL,hard-cita,v3_d_hard_cita_00
"El tutorial dice ""hazlo más corto"".",NON_CONTROL,hard-cita,v3_d_hard_cita_00
"La frase ""guarda este documento"" es una orden.",NON_CONTROL,hard-cita,v3_d_hard_cita_00
"El ejemplo ""abre el archivo"" ilustra el tema.",NON_CONTROL,hard-cita,v3_d_hard_cita_01
"La guía cita ""imprime dos copias"".",NON_CONTROL,hard-cita,v3_d_hard_cita_01
"El aviso reza ""no borrar este mensaje"".",NON_CONTROL,hard-cita,v3_d_hard_cita_01
"La etiqueta pide ""seleccionar una opción"".",NON_CONTROL,hard-cita,v3_d_hard_cita_01
La función deshacer restaura el cambio.,NON_CONTROL,hard-metalenguaje,v3_d_hard_meta_00
La opción reemplazar busca coincidencias.,NON_CONTROL,hard-metalenguaje,v3_d_hard_meta_00
El botón guardar conserva copias.,NON_CONTROL,hard-metalenguaje,v3_d_hard_meta_00
El menú formato agrupa estilos.,NON_CONTROL,hard-metalenguaje,v3_d_hard_meta_00
El historial registra cada edición.,NON_CONTROL,hard-metalenguaje,v3_d_hard_meta_00
El corrector sugiere alternativas.,NON_CONTROL,hard-metalenguaje,v3_d_hard_meta_01
El modo dictado desactiva atajos.,NON_CONTROL,hard-metalenguaje,v3_d_hard_meta_01
La papelera conserva eliminados treinta días.,NON_CONTROL,hard-metalenguaje,v3_d_hard_meta_01
El atajo de deshacer es casi universal.,NON_CONTROL,hard-metalenguaje,v3_d_hard_meta_01
El reemplazo expande abreviaturas.,NON_CONTROL,hard-metalenguaje,v3_d_hard_meta_01
El panel de estilos centraliza títulos.,NON_CONTROL,hard-metalenguaje,v3_d_hard_meta_01
Es importante cambiar cómo diseñamos interfaces.,NON_CONTROL,hard-mixto,v3_d_hard_mix_00
El título debe comunicar el objetivo.,NON_CONTROL,hard-mixto,v3_d_hard_mix_00
Deshacer tratos genera desconfianza.,NON_CONTROL,hard-mixto,v3_d_hard_mix_00
Reemplazó la bombilla antes del anochecer.,NON_CONTROL,hard-mixto,v3_d_hard_mix_00
Cambiaron la cerradura tras el incidente.,NON_CONTROL,hard-mixto,v3_d_hard_mix_00
El jurado cambió el veredicto.,NON_CONTROL,hard-mixto,v3_d_hard_mix_00
Seleccionar al azar garantiza imparcialidad.,NON_CONTROL,hard-mixto,v3_d_hard_mix_01
Guardaron silencio durante el homenaje.,NON_CONTROL,hard-mixto,v3_d_hard_mix_01
Abrieron debate tras la ponencia.,NON_CONTROL,hard-mixto,v3_d_hard_mix_01
Imprimieron carteles para el festival.,NON_CONTROL,hard-mixto,v3_d_hard_mix_01
Buscaron consenso hasta la madrugada.,NON_CONTROL,hard-mixto,v3_d_hard_mix_01
Copiaron el esquema en sus cuadernos.,NON_CONTROL,hard-mixto,v3_d_hard_mix_01
Pegaron los avisos en la entrada.,NON_CONTROL,hard-mixto,v3_d_hard_mix_02
Leyeron el manifiesto en voz alta.,NON_CONTROL,hard-mixto,v3_d_hard_mix_02
Espera un momento.,NON_CONTROL,conversacion,v3_n_conv_a_00
Así está bien por ahora.,NON_CONTROL,conversacion,v3_n_conv_b_00
No importa.,NON_CONTROL,conversacion,v3_n_conv_b_00
Olvídalo.,NON_CONTROL,conversacion,v3_n_conv_b_01
Mejor lo pienso.,NON_CONTROL,conversacion,v3_n_conv_b_04
Eso no me convence.,NON_CONTROL,conversacion,v3_n_conv_b_05
"Déjalo, todavía no estoy seguro.",NON_CONTROL,conversacion,v3_n_conv_b_05
"No importa, sigue.",NON_CONTROL,conversacion,v3_n_conv_b_05
"Olvídalo, no era nada.",NON_CONTROL,conversacion,v3_n_conv_b_05
Déjame terminar.,NON_CONTROL,conversacion,v3_n_conv_b_05
"Espera, todavía estoy hablando.",NON_CONTROL,conversacion,v3_n_conv_b_05
"Mira, no estoy seguro.",NON_CONTROL,imperative-like,v3_n_imp_a_00
"Espera, todavía no termino.",NON_CONTROL,imperative-like,v3_n_imp_a_00
Pon atención a lo que voy a decir.,NON_CONTROL,imperative-like,v3_n_imp_a_00
"Déjalo, luego vemos.",NON_CONTROL,imperative-like,v3_n_imp_a_00
"Olvida eso, estoy pensando en otra cosa.",NON_CONTROL,imperative-like,v3_n_imp_a_00
Dame un segundo.,NON_CONTROL,imperative-like,v3_n_imp_a_00
Aguanta un momento.,NON_CONTROL,imperative-like,v3_n_imp_a_01
"Escucha, todavía falta una parte.",NON_CONTROL,imperative-like,v3_n_imp_a_01
Fíjate que no me decido.,NON_CONTROL,imperative-like,v3_n_imp_a_01
"Anda, déjame ordenar mis ideas.",NON_CONTROL,imperative-like,v3_n_imp_a_01
"Venga, que ya casi lo tengo.",NON_CONTROL,imperative-like,v3_n_imp_a_01
"Para, que me estoy liando.",NON_CONTROL,imperative-like,v3_n_imp_a_01
"Calla un momento, que pienso.",NON_CONTROL,imperative-like,v3_n_imp_a_02
"Suelta eso, que ya voy.",NON_CONTROL,imperative-like,v3_n_imp_a_02
Toma aire conmigo antes de seguir.,NON_CONTROL,imperative-like,v3_n_imp_a_02
"Quédate ahí, que ya te digo.",NON_CONTROL,imperative-like,v3_n_imp_a_02
Párate un segundo a pensar.,NON_CONTROL,imperative-like,v3_n_imp_a_02
"Siéntate, que esto va para largo.",NON_CONTROL,imperative-like,v3_n_imp_a_02
Acuérdate de respirar de vez en cuando.,NON_CONTROL,imperative-like,v3_n_imp_a_03
Imagínate que no funciona.,NON_CONTROL,imperative-like,v3_n_imp_a_03
Supón que tenemos que empezar de cero.,NON_CONTROL,imperative-like,v3_n_imp_a_03
Dime tú qué harías.,NON_CONTROL,imperative-like,v3_n_imp_a_03
Cuenta hasta diez antes de responder.,NON_CONTROL,imperative-like,v3_n_imp_a_03
Mira bien antes de opinar.,NON_CONTROL,imperative-like,v3_n_imp_a_03
"Perdona, estaba distraído.",NON_CONTROL,imperative-like,v3_n_imp_b_00
"Disculpa, ¿decías algo?",NON_CONTROL,imperative-like,v3_n_imp_b_00
"Repite eso último, por favor.",NON_CONTROL,imperative-like,v3_n_imp_b_00
"Habla más despacio, por favor.",NON_CONTROL,imperative-like,v3_n_imp_b_00
Deja que lo anote primero.,NON_CONTROL,imperative-like,v3_n_imp_b_00
Permíteme dudar de ese dato.,NON_CONTROL,imperative-like,v3_n_imp_b_00
Ayúdame a pensar en voz alta.,NON_CONTROL,imperative-like,v3_n_imp_b_01
Acompáñame mientras lo reviso.,NON_CONTROL,imperative-like,v3_n_imp_b_01
Quédate callado un momento.,NON_CONTROL,imperative-like,v3_n_imp_b_01
No digas nada todavía.,NON_CONTROL,imperative-like,v3_n_imp_b_01
Borra eso de tu mente por ahora.,NON_CONTROL,imperative-like,v3_n_imp_b_01
Quita esa idea de tu cabeza.,NON_CONTROL,imperative-like,v3_n_imp_b_01
Cambia de tema un momento.,NON_CONTROL,imperative-like,v3_n_imp_b_02
Vuelve a eso más tarde.,NON_CONTROL,imperative-like,v3_n_imp_b_02
Guarda silencio mientras pienso.,NON_CONTROL,imperative-like,v3_n_imp_b_02
Abre tu mente a otra opción.,NON_CONTROL,imperative-like,v3_n_imp_b_02
Cierra los ojos e imagina el resultado.,NON_CONTROL,imperative-like,v3_n_imp_b_02
Haz como si no hubiera pasado.,NON_CONTROL,imperative-like,v3_n_imp_b_02
Ponle pausa a esta discusión.,NON_CONTROL,imperative-like,v3_n_imp_b_03
Dale vueltas esta noche.,NON_CONTROL,imperative-like,v3_n_imp_b_03
Échale un ojo cuando puedas.,NON_CONTROL,imperative-like,v3_n_imp_b_03
Tómate tu tiempo para decidir.,NON_CONTROL,imperative-like,v3_n_imp_b_03
Hazme caso por una vez.,NON_CONTROL,imperative-like,v3_n_imp_b_03
"Créeme, lo tengo controlado.",NON_CONTROL,imperative-like,v3_n_imp_b_03
Cambia el título a Prólogo.,EDITOR_CONTROL,titulo,v3_x_tit_Pról_00
Pon Prólogo como título.,EDITOR_CONTROL,titulo,v3_x_tit_Pról_00
El documento se titulará Prólogo.,EDITOR_CONTROL,titulo,v3_x_tit_Pról_00
Actualiza el encabezado a Prólogo.,EDITOR_CONTROL,titulo,v3_x_tit_Pról_00
Cambia el título a Epílogo.,EDITOR_CONTROL,titulo,v3_x_tit_Epíl_00
Pon Epílogo como título.,EDITOR_CONTROL,titulo,v3_x_tit_Epíl_00
El documento se titulará Epílogo.,EDITOR_CONTROL,titulo,v3_x_tit_Epíl_00
Actualiza el encabezado a Epílogo.,EDITOR_CONTROL,titulo,v3_x_tit_Epíl_00
Cambia el título a Glosario.,EDITOR_CONTROL,titulo,v3_x_tit_Glos_00
Pon Glosario como título.,EDITOR_CONTROL,titulo,v3_x_tit_Glos_00
El documento se titulará Glosario.,EDITOR_CONTROL,titulo,v3_x_tit_Glos_00
Actualiza el encabezado a Glosario.,EDITOR_CONTROL,titulo,v3_x_tit_Glos_00
Cambia el título a Índice.,EDITOR_CONTROL,titulo,v3_x_tit_Índi_00
Pon Índice como título.,EDITOR_CONTROL,titulo,v3_x_tit_Índi_00
El documento se titulará Índice.,EDITOR_CONTROL,titulo,v3_x_tit_Índi_00
Actualiza el encabezado a Índice.,EDITOR_CONTROL,titulo,v3_x_tit_Índi_00
Cambia el título a Prefacio.,EDITOR_CONTROL,titulo,v3_x_tit_Pref_00
Pon Prefacio como título.,EDITOR_CONTROL,titulo,v3_x_tit_Pref_00
El documento se titulará Prefacio.,EDITOR_CONTROL,titulo,v3_x_tit_Pref_00
Actualiza el encabezado a Prefacio.,EDITOR_CONTROL,titulo,v3_x_tit_Pref_00
Cambia el título a Agradecimientos.,EDITOR_CONTROL,titulo,v3_x_tit_Agra_00
Pon Agradecimientos como título.,EDITOR_CONTROL,titulo,v3_x_tit_Agra_00
El documento se titulará Agradecimientos.,EDITOR_CONTROL,titulo,v3_x_tit_Agra_00
Actualiza el encabezado a Agradecimientos.,EDITOR_CONTROL,titulo,v3_x_tit_Agra_00
Cambia el título a Cronología.,EDITOR_CONTROL,titulo,v3_x_tit_Cron_00
Pon Cronología como título.,EDITOR_CONTROL,titulo,v3_x_tit_Cron_00
El documento se titulará Cronología.,EDITOR_CONTROL,titulo,v3_x_tit_Cron_00
Actualiza el encabezado a Cronología.,EDITOR_CONTROL,titulo,v3_x_tit_Cron_00
Cambia el título a Genealogía.,EDITOR_CONTROL,titulo,v3_x_tit_Gene_00
Pon Genealogía como título.,EDITOR_CONTROL,titulo,v3_x_tit_Gene_00
El documento se titulará Genealogía.,EDITOR_CONTROL,titulo,v3_x_tit_Gene_00
Actualiza el encabezado a Genealogía.,EDITOR_CONTROL,titulo,v3_x_tit_Gene_00
Cambia el título a Atlas.,EDITOR_CONTROL,titulo,v3_x_tit_Atla_00
Pon Atlas como título.,EDITOR_CONTROL,titulo,v3_x_tit_Atla_00
El documento se titulará Atlas.,EDITOR_CONTROL,titulo,v3_x_tit_Atla_00
Actualiza el encabezado a Atlas.,EDITOR_CONTROL,titulo,v3_x_tit_Atla_00
Cambia el título a Compendio.,EDITOR_CONTROL,titulo,v3_x_tit_Comp_00
Pon Compendio como título.,EDITOR_CONTROL,titulo,v3_x_tit_Comp_00
El documento se titulará Compendio.,EDITOR_CONTROL,titulo,v3_x_tit_Comp_00
Actualiza el encabezado a Compendio.,EDITOR_CONTROL,titulo,v3_x_tit_Comp_00
Cambia el título a Antología.,EDITOR_CONTROL,titulo,v3_x_tit_Anto_00
Pon Antología como título.,EDITOR_CONTROL,titulo,v3_x_tit_Anto_00
El documento se titulará Antología.,EDITOR_CONTROL,titulo,v3_x_tit_Anto_00
Actualiza el encabezado a Antología.,EDITOR_CONTROL,titulo,v3_x_tit_Anto_00
Cambia el título a Memorias.,EDITOR_CONTROL,titulo,v3_x_tit_Memo_00
Pon Memorias como título.,EDITOR_CONTROL,titulo,v3_x_tit_Memo_00
El documento se titulará Memorias.,EDITOR_CONTROL,titulo,v3_x_tit_Memo_00
Actualiza el encabezado a Memorias.,EDITOR_CONTROL,titulo,v3_x_tit_Memo_00
Borra el subtítulo.,EDITOR_CONTROL,borrar,v3_x_bor_subtítulo_00
Elimina el subtítulo por favor.,EDITOR_CONTROL,borrar,v3_x_bor_subtítulo_00
Quita el subtítulo de aquí.,EDITOR_CONTROL,borrar,v3_x_bor_subtítulo_00
Suprime el subtítulo sin falta.,EDITOR_CONTROL,borrar,v3_x_bor_subtítulo_00
Borra la primera línea.,EDITOR_CONTROL,borrar,v3_x_bor_línea_00
Elimina la primera línea por favor.,EDITOR_CONTROL,borrar,v3_x_bor_línea_00
Quita la primera línea de aquí.,EDITOR_CONTROL,borrar,v3_x_bor_línea_00
Suprime la primera línea sin falta.,EDITOR_CONTROL,borrar,v3_x_bor_línea_00
Borra el último renglón.,EDITOR_CONTROL,borrar,v3_x_bor_renglón_00
Elimina el último renglón por favor.,EDITOR_CONTROL,borrar,v3_x_bor_renglón_00
Quita el último renglón de aquí.,EDITOR_CONTROL,borrar,v3_x_bor_renglón_00
Suprime el último renglón sin falta.,EDITOR_CONTROL,borrar,v3_x_bor_renglón_00
Borra el sumario.,EDITOR_CONTROL,borrar,v3_x_bor_sumario_00
Elimina el sumario por favor.,EDITOR_CONTROL,borrar,v3_x_bor_sumario_00
Quita el sumario de aquí.,EDITOR_CONTROL,borrar,v3_x_bor_sumario_00
Suprime el sumario sin falta.,EDITOR_CONTROL,borrar,v3_x_bor_sumario_00
Borra el epígrafe.,EDITOR_CONTROL,borrar,v3_x_bor_epígrafe_00
Elimina el epígrafe por favor.,EDITOR_CONTROL,borrar,v3_x_bor_epígrafe_00
Quita el epígrafe de aquí.,EDITOR_CONTROL,borrar,v3_x_bor_epígrafe_00
Suprime el epígrafe sin falta.,EDITOR_CONTROL,borrar,v3_x_bor_epígrafe_00
Borra la dedicatoria.,EDITOR_CONTROL,borrar,v3_x_bor_dedicatoria_00
Elimina la dedicatoria por favor.,EDITOR_CONTROL,borrar,v3_x_bor_dedicatoria_00
Quita la dedicatoria de aquí.,EDITOR_CONTROL,borrar,v3_x_bor_dedicatoria_00
Suprime la dedicatoria sin falta.,EDITOR_CONTROL,borrar,v3_x_bor_dedicatoria_00
Borra el colofón.,EDITOR_CONTROL,borrar,v3_x_bor_colofón_00
Elimina el colofón por favor.,EDITOR_CONTROL,borrar,v3_x_bor_colofón_00
Quita el colofón de aquí.,EDITOR_CONTROL,borrar,v3_x_bor_colofón_00
Suprime el colofón sin falta.,EDITOR_CONTROL,borrar,v3_x_bor_colofón_00
Borra la fe de erratas.,EDITOR_CONTROL,borrar,v3_x_bor_erratas_00
Elimina la fe de erratas por favor.,EDITOR_CONTROL,borrar,v3_x_bor_erratas_00
Quita la fe de erratas de aquí.,EDITOR_CONTROL,borrar,v3_x_bor_erratas_00
Suprime la fe de erratas sin falta.,EDITOR_CONTROL,borrar,v3_x_bor_erratas_00
Cambia prólogo por introducción.,EDITOR_CONTROL,reemplazar,v3_x_re_pról_00
Sustituye prólogo por introducción.,EDITOR_CONTROL,reemplazar,v3_x_re_pról_00
Donde ponga prólogo escribe introducción.,EDITOR_CONTROL,reemplazar,v3_x_re_pról_00
Troca prólogo por introducción.,EDITOR_CONTROL,reemplazar,v3_x_re_pról_00
Cambia epílogo por cierre.,EDITOR_CONTROL,reemplazar,v3_x_re_epíl_00
Sustituye epílogo por cierre.,EDITOR_CONTROL,reemplazar,v3_x_re_epíl_00
Donde ponga epílogo escribe cierre.,EDITOR_CONTROL,reemplazar,v3_x_re_epíl_00
Troca epílogo por cierre.,EDITOR_CONTROL,reemplazar,v3_x_re_epíl_00
Cambia cita por referencia.,EDITOR_CONTROL,reemplazar,v3_x_re_cita_00
Sustituye cita por referencia.,EDITOR_CONTROL,reemplazar,v3_x_re_cita_00
Donde ponga cita escribe referencia.,EDITOR_CONTROL,reemplazar,v3_x_re_cita_00
Troca cita por referencia.,EDITOR_CONTROL,reemplazar,v3_x_re_cita_00
Cambia gráfica por ilustración.,EDITOR_CONTROL,reemplazar,v3_x_re_gráf_00
Sustituye gráfica por ilustración.,EDITOR_CONTROL,reemplazar,v3_x_re_gráf_00
Donde ponga gráfica escribe ilustración.,EDITOR_CONTROL,reemplazar,v3_x_re_gráf_00
Troca gráfica por ilustración.,EDITOR_CONTROL,reemplazar,v3_x_re_gráf_00
Cambia esquema por diagrama.,EDITOR_CONTROL,reemplazar,v3_x_re_esqu_00
Sustituye esquema por diagrama.,EDITOR_CONTROL,reemplazar,v3_x_re_esqu_00
Donde ponga esquema escribe diagrama.,EDITOR_CONTROL,reemplazar,v3_x_re_esqu_00
Troca esquema por diagrama.,EDITOR_CONTROL,reemplazar,v3_x_re_esqu_00
Cambia versículo por párrafo.,EDITOR_CONTROL,reemplazar,v3_x_re_vers_00
Sustituye versículo por párrafo.,EDITOR_CONTROL,reemplazar,v3_x_re_vers_00
Donde ponga versículo escribe párrafo.,EDITOR_CONTROL,reemplazar,v3_x_re_vers_00
Troca versículo por párrafo.,EDITOR_CONTROL,reemplazar,v3_x_re_vers_00
Hazlo más ameno.,EDITOR_CONTROL,reformular,v3_x_rf_ameno_00
Reformula esto más ameno.,EDITOR_CONTROL,reformular,v3_x_rf_ameno_00
Dale un aire más ameno al texto.,EDITOR_CONTROL,reformular,v3_x_rf_ameno_00
Vuelve el párrafo más ameno.,EDITOR_CONTROL,reformular,v3_x_rf_ameno_00
Hazlo más riguroso.,EDITOR_CONTROL,reformular,v3_x_rf_riguroso_00
Reformula esto más riguroso.,EDITOR_CONTROL,reformular,v3_x_rf_riguroso_00
Dale un aire más riguroso al texto.,EDITOR_CONTROL,reformular,v3_x_rf_riguroso_00
Vuelve el párrafo más riguroso.,EDITOR_CONTROL,reformular,v3_x_rf_riguroso_00
Hazlo más poético.,EDITOR_CONTROL,reformular,v3_x_rf_poético_00
Reformula esto más poético.,EDITOR_CONTROL,reformular,v3_x_rf_poético_00
Dale un aire más poético al texto.,EDITOR_CONTROL,reformular,v3_x_rf_poético_00
Vuelve el párrafo más poético.,EDITOR_CONTROL,reformular,v3_x_rf_poético_00
Reformula esto más sobrio.,EDITOR_CONTROL,reformular,v3_x_rf_sobrio_00
Dale un aire más sobrio al texto.,EDITOR_CONTROL,reformular,v3_x_rf_sobrio_00
Vuelve el párrafo más sobrio.,EDITOR_CONTROL,reformular,v3_x_rf_sobrio_00
Reformula esto más crítico.,EDITOR_CONTROL,reformular,v3_x_rf_crítico_00
Dale un aire más crítico al texto.,EDITOR_CONTROL,reformular,v3_x_rf_crítico_00
Vuelve el párrafo más crítico.,EDITOR_CONTROL,reformular,v3_x_rf_crítico_00
Pon los subtítulos en negritas.,EDITOR_CONTROL,formato,v3_x_fm_negr_00
Aplica negritas a los subtítulos.,EDITOR_CONTROL,formato,v3_x_fm_negr_00
Marca los subtítulos con negritas.,EDITOR_CONTROL,formato,v3_x_fm_negr_00
Pon las citas en cursivas.,EDITOR_CONTROL,formato,v3_x_fm_curs_00
Aplica cursivas a las citas.,EDITOR_CONTROL,formato,v3_x_fm_curs_00
Marca las citas con cursivas.,EDITOR_CONTROL,formato,v3_x_fm_curs_00
Pon los enlaces en subrayado.,EDITOR_CONTROL,formato,v3_x_fm_subr_00
Aplica subrayado a los enlaces.,EDITOR_CONTROL,formato,v3_x_fm_subr_00
Marca los enlaces con subrayado.,EDITOR_CONTROL,formato,v3_x_fm_subr_00
Pon el encabezado en versales.,EDITOR_CONTROL,formato,v3_x_fm_vers_00
Aplica versales a el encabezado.,EDITOR_CONTROL,formato,v3_x_fm_vers_00
Marca el encabezado con versales.,EDITOR_CONTROL,formato,v3_x_fm_vers_00
"Da un paso atrás, por favor.",EDITOR_CONTROL,undo,v3_x_un_Da_00
"Anula la modificación, por favor.",EDITOR_CONTROL,undo,v3_x_un_Anula_00
"Recupera la versión previa, por favor.",EDITOR_CONTROL,undo,v3_x_un_Recupera_00
"Deshaz lo último, por favor.",EDITOR_CONTROL,undo,v3_x_un_Deshaz_00
"Cancela lo anterior, por favor.",EDITOR_CONTROL,undo,v3_x_un_Cancela_00
Retrocede un cambio.,EDITOR_CONTROL,undo,v3_x_un_Retrocede_00
"Retrocede un cambio, por favor.",EDITOR_CONTROL,undo,v3_x_un_Retrocede_00
"Por favor, reaplica el cambio.",EDITOR_CONTROL,redo,v3_x_re2_Reaplica_00
"Por favor, vuelve a hacer lo anterior.",EDITOR_CONTROL,redo,v3_x_re2_Vuelve_00
"Por favor, restaura la edición.",EDITOR_CONTROL,redo,v3_x_re2_Restaura_00
"Por favor, adelante con lo deshecho.",EDITOR_CONTROL,redo,v3_x_re2_Adelante_00
Repite la acción.,EDITOR_CONTROL,redo,v3_x_re2_Repite_00
"Por favor, repite la acción.",EDITOR_CONTROL,redo,v3_x_re2_Repite_00
"Por favor, recupera lo deshecho.",EDITOR_CONTROL,redo,v3_x_re2_Recupera_00
Ahora guarda el documento.,EDITOR_CONTROL,archivo,v3_x_fv_guarda_00
Por favor guarda el archivo.,EDITOR_CONTROL,archivo,v3_x_fv_guarda_00
Necesito que guarda esto ya.,EDITOR_CONTROL,archivo,v3_x_fv_guarda_00
¿Puedes guarda el documento?,EDITOR_CONTROL,archivo,v3_x_fv_guarda_00
Ahora abre el documento.,EDITOR_CONTROL,archivo,v3_x_fv_abre_00
Por favor abre el archivo.,EDITOR_CONTROL,archivo,v3_x_fv_abre_00
Necesito que abre esto ya.,EDITOR_CONTROL,archivo,v3_x_fv_abre_00
¿Puedes abre el documento?,EDITOR_CONTROL,archivo,v3_x_fv_abre_00
Ahora imprime el documento.,EDITOR_CONTROL,archivo,v3_x_fv_imprime_00
Por favor imprime el archivo.,EDITOR_CONTROL,archivo,v3_x_fv_imprime_00
Necesito que imprime esto ya.,EDITOR_CONTROL,archivo,v3_x_fv_imprime_00
¿Puedes imprime el documento?,EDITOR_CONTROL,archivo,v3_x_fv_imprime_00
Ahora busca el documento.,EDITOR_CONTROL,archivo,v3_x_fv_busca_00
Por favor busca el archivo.,EDITOR_CONTROL,archivo,v3_x_fv_busca_00
Necesito que busca esto ya.,EDITOR_CONTROL,archivo,v3_x_fv_busca_00
¿Puedes busca el documento?,EDITOR_CONTROL,archivo,v3_x_fv_busca_00
Ahora exporta el documento.,EDITOR_CONTROL,archivo,v3_x_fv_exporta_00
Por favor exporta el archivo.,EDITOR_CONTROL,archivo,v3_x_fv_exporta_00
Necesito que exporta esto ya.,EDITOR_CONTROL,archivo,v3_x_fv_exporta_00
¿Puedes exporta el documento?,EDITOR_CONTROL,archivo,v3_x_fv_exporta_00
Ahora comparte el documento.,EDITOR_CONTROL,archivo,v3_x_fv_comparte_00
Por favor comparte el archivo.,EDITOR_CONTROL,archivo,v3_x_fv_comparte_00
Necesito que comparte esto ya.,EDITOR_CONTROL,archivo,v3_x_fv_comparte_00
¿Puedes comparte el documento?,EDITOR_CONTROL,archivo,v3_x_fv_comparte_00
Ahora selecciona este bloque.,EDITOR_CONTROL,edicion,v3_x_ev_selecciona_00
Por favor selecciona el fragmento.,EDITOR_CONTROL,edicion,v3_x_ev_selecciona_00
Necesito que selecciona eso.,EDITOR_CONTROL,edicion,v3_x_ev_selecciona_00
¿Puedes selecciona la selección?,EDITOR_CONTROL,edicion,v3_x_ev_selecciona_00
Ahora copia este bloque.,EDITOR_CONTROL,edicion,v3_x_ev_copia_00
Por favor copia el fragmento.,EDITOR_CONTROL,edicion,v3_x_ev_copia_00
Necesito que copia eso.,EDITOR_CONTROL,edicion,v3_x_ev_copia_00
¿Puedes copia la selección?,EDITOR_CONTROL,edicion,v3_x_ev_copia_00
Ahora corta este bloque.,EDITOR_CONTROL,edicion,v3_x_ev_corta_00
Por favor corta el fragmento.,EDITOR_CONTROL,edicion,v3_x_ev_corta_00
Necesito que corta eso.,EDITOR_CONTROL,edicion,v3_x_ev_corta_00
¿Puedes corta la selección?,EDITOR_CONTROL,edicion,v3_x_ev_corta_00
Ahora pega este bloque.,EDITOR_CONTROL,edicion,v3_x_ev_pega_00
Por favor pega el fragmento.,EDITOR_CONTROL,edicion,v3_x_ev_pega_00
Necesito que pega eso.,EDITOR_CONTROL,edicion,v3_x_ev_pega_00
¿Puedes pega la selección?,EDITOR_CONTROL,edicion,v3_x_ev_pega_00
Ahora mueve este bloque.,EDITOR_CONTROL,edicion,v3_x_ev_mueve_00
Por favor mueve el fragmento.,EDITOR_CONTROL,edicion,v3_x_ev_mueve_00
Necesito que mueve eso.,EDITOR_CONTROL,edicion,v3_x_ev_mueve_00
¿Puedes mueve la selección?,EDITOR_CONTROL,edicion,v3_x_ev_mueve_00
Ahora duplica este bloque.,EDITOR_CONTROL,edicion,v3_x_ev_duplica_00
Por favor duplica el fragmento.,EDITOR_CONTROL,edicion,v3_x_ev_duplica_00
Necesito que duplica eso.,EDITOR_CONTROL,edicion,v3_x_ev_duplica_00
¿Puedes duplica la selección?,EDITOR_CONTROL,edicion,v3_x_ev_duplica_00
Ahora lee este texto.,EDITOR_CONTROL,transformar,v3_x_xv_lee_00
Por favor lee el párrafo.,EDITOR_CONTROL,transformar,v3_x_xv_lee_00
Necesito que lee la sección.,EDITOR_CONTROL,transformar,v3_x_xv_lee_00
¿Puedes lee esto?,EDITOR_CONTROL,transformar,v3_x_xv_lee_00
Ahora traduce este texto.,EDITOR_CONTROL,transformar,v3_x_xv_traduce_00
Por favor traduce el párrafo.,EDITOR_CONTROL,transformar,v3_x_xv_traduce_00
Necesito que traduce la sección.,EDITOR_CONTROL,transformar,v3_x_xv_traduce_00
¿Puedes traduce esto?,EDITOR_CONTROL,transformar,v3_x_xv_traduce_00
Ahora resume este texto.,EDITOR_CONTROL,transformar,v3_x_xv_resume_00
Por favor resume el párrafo.,EDITOR_CONTROL,transformar,v3_x_xv_resume_00
Necesito que resume la sección.,EDITOR_CONTROL,transformar,v3_x_xv_resume_00
¿Puedes resume esto?,EDITOR_CONTROL,transformar,v3_x_xv_resume_00
Ahora expande este texto.,EDITOR_CONTROL,transformar,v3_x_xv_expande_00
Por favor expande el párrafo.,EDITOR_CONTROL,transformar,v3_x_xv_expande_00
Necesito que expande la sección.,EDITOR_CONTROL,transformar,v3_x_xv_expande_00
¿Puedes expande esto?,EDITOR_CONTROL,transformar,v3_x_xv_expande_00
Ahora corrige este texto.,EDITOR_CONTROL,transformar,v3_x_xv_corrige_00
Por favor corrige el párrafo.,EDITOR_CONTROL,transformar,v3_x_xv_corrige_00
Necesito que corrige la sección.,EDITOR_CONTROL,transformar,v3_x_xv_corrige_00
¿Puedes corrige esto?,EDITOR_CONTROL,transformar,v3_x_xv_corrige_00
Ahora numera este texto.,EDITOR_CONTROL,transformar,v3_x_xv_numera_00
Por favor numera el párrafo.,EDITOR_CONTROL,transformar,v3_x_xv_numera_00
Necesito que numera la sección.,EDITOR_CONTROL,transformar,v3_x_xv_numera_00
¿Puedes numera esto?,EDITOR_CONTROL,transformar,v3_x_xv_numera_00
"Por favor, haz eso ya.",EDITOR_CONTROL,deictico,v3_x_dx_Haz_00
"Por favor, cambia aquello.",EDITOR_CONTROL,deictico,v3_x_dx_Cambia_00
"Por favor, ponlo ahí mismo.",EDITOR_CONTROL,deictico,v3_x_dx_Ponlo_00
"Por favor, mueve esto para allá.",EDITOR_CONTROL,deictico,v3_x_dx_Mueve_00
"Por favor, arregla aquello otro.",EDITOR_CONTROL,deictico,v3_x_dx_Arregla_00
"Por favor, copia eso también.",EDITOR_CONTROL,deictico,v3_x_dx_Copia_00
"Por favor, bórralo completo.",EDITOR_CONTROL,deictico,v3_x_dx_Bórralo_00
"Por favor, hazlo de nuevo.",EDITOR_CONTROL,deictico,v3_x_dx_Hazlo_00
"Por favor, quítalo ya.",EDITOR_CONTROL,deictico,v3_x_dx_Quítalo_00
"Por favor, tómalo y muévelo.",EDITOR_CONTROL,deictico,v3_x_dx_Tómalo_00
"Por favor, guárdalo.",EDITOR_CONTROL,deictico,v3_x_dx_Guárdalo._00
"Por favor, imprímelo.",EDITOR_CONTROL,deictico,v3_x_dx_Imprímelo._00
"Por favor, envíalo.",EDITOR_CONTROL,deictico,v3_x_dx_Envíalo._00
"Por favor, revísalo.",EDITOR_CONTROL,deictico,v3_x_dx_Revísalo._00
"Por favor, compártelo.",EDITOR_CONTROL,deictico,v3_x_dx_Compártelo._00
"Por favor, archívalo.",EDITOR_CONTROL,deictico,v3_x_dx_Archívalo._00
El teclado mecánico suena al escribir.,NON_CONTROL,general,v3_d_gen2_00
La pantalla refleja luz por la tarde.,NON_CONTROL,general,v3_d_gen2_00
El seminario reúne varias carreras.,NON_CONTROL,general,v3_d_gen2_00
La biblioteca cierra en vacaciones.,NON_CONTROL,general,v3_d_gen2_00
El laboratorio tiene equipos nuevos.,NON_CONTROL,general,v3_d_gen2_00
El comedor ofrece menús vegetarianos.,NON_CONTROL,general,v3_d_gen2_00
La tesis recibió mención honorífica.,NON_CONTROL,general,v3_d_gen2_01
El museo inaugura sala interactiva.,NON_CONTROL,general,v3_d_gen2_01
Los horarios se publican al inicio.,NON_CONTROL,general,v3_d_gen2_01
La feria reunió editoriales.,NON_CONTROL,general,v3_d_gen2_01
El puente quedó iluminado.,NON_CONTROL,general,v3_d_gen2_02
El zoológico liberó cóndores.,NON_CONTROL,general,v3_d_gen2_02
La pista recibe mantenimiento.,NON_CONTROL,general,v3_d_gen2_02
El coro participará en primavera.,NON_CONTROL,general,v3_d_gen2_02
El banco necesita donadores.,NON_CONTROL,general,v3_d_gen2_02
El mercado abre los domingos.,NON_CONTROL,general,v3_d_gen2_02
El parque protege especies.,NON_CONTROL,general,v3_d_gen2_03
La red conecta cinco alcaldías.,NON_CONTROL,general,v3_d_gen2_03
El acuario renovó el tanque.,NON_CONTROL,general,v3_d_gen2_03
Los viernes hay cine al aire libre.,NON_CONTROL,general,v3_d_gen2_03
El observatorio organiza visitas.,NON_CONTROL,general,v3_d_gen2_03
Las clases terminan de noche.,NON_CONTROL,general,v3_d_gen2_03
El gimnasio abre al amanecer.,NON_CONTROL,general,v3_d_gen2_04
La cafetería amplió su horario.,NON_CONTROL,general,v3_d_gen2_04
El club compite a nivel nacional.,NON_CONTROL,general,v3_d_gen2_04
La librería guarda joyas.,NON_CONTROL,general,v3_d_gen2_04
Los talleres fomentan lectura.,NON_CONTROL,general,v3_d_gen2_04
Las noches permiten ver estrellas.,NON_CONTROL,general,v3_d_gen2_04
La tesis aborda órdenes habladas ambiguas.,NON_CONTROL,academico,v3_d_acad2_a_00
La tesis cuantifica interrupciones al redactar.,NON_CONTROL,academico,v3_d_acad2_a_00
La tesis compara estrategias de confirmación.,NON_CONTROL,academico,v3_d_acad2_a_00
La tesis documenta errores del dictado.,NON_CONTROL,academico,v3_d_acad2_a_00
El informe aborda órdenes habladas ambiguas.,NON_CONTROL,academico,v3_d_acad2_a_00
El informe cuantifica interrupciones al redactar.,NON_CONTROL,academico,v3_d_acad2_a_00
El informe compara estrategias de confirmación.,NON_CONTROL,academico,v3_d_acad2_a_01
El informe documenta errores del dictado.,NON_CONTROL,academico,v3_d_acad2_a_01
La prueba piloto aborda órdenes habladas ambiguas.,NON_CONTROL,academico,v3_d_acad2_a_01
La prueba piloto cuantifica interrupciones al redactar.,NON_CONTROL,academico,v3_d_acad2_a_01
La prueba piloto compara estrategias de confirmación.,NON_CONTROL,academico,v3_d_acad2_a_01
La prueba piloto documenta errores del dictado.,NON_CONTROL,academico,v3_d_acad2_a_01
El grupo focal aborda órdenes habladas ambiguas.,NON_CONTROL,academico,v3_d_acad2_a_02
El grupo focal cuantifica interrupciones al redactar.,NON_CONTROL,academico,v3_d_acad2_a_02
El grupo focal compara estrategias de confirmación.,NON_CONTROL,academico,v3_d_acad2_a_02
El grupo focal documenta errores del dictado.,NON_CONTROL,academico,v3_d_acad2_a_02
El taller aborda órdenes habladas ambiguas.,NON_CONTROL,academico,v3_d_acad2_a_02
El taller cuantifica interrupciones al redactar.,NON_CONTROL,academico,v3_d_acad2_a_02
El taller compara estrategias de confirmación.,NON_CONTROL,academico,v3_d_acad2_a_03
El taller documenta errores del dictado.,NON_CONTROL,academico,v3_d_acad2_a_03
El seminario aborda órdenes habladas ambiguas.,NON_CONTROL,academico,v3_d_acad2_a_03
El seminario cuantifica interrupciones al redactar.,NON_CONTROL,academico,v3_d_acad2_a_03
El seminario compara estrategias de confirmación.,NON_CONTROL,academico,v3_d_acad2_a_03
El seminario documenta errores del dictado.,NON_CONTROL,academico,v3_d_acad2_a_03
La demo aborda órdenes habladas ambiguas.,NON_CONTROL,academico,v3_d_acad2_a_04
La demo cuantifica interrupciones al redactar.,NON_CONTROL,academico,v3_d_acad2_a_04
La demo compara estrategias de confirmación.,NON_CONTROL,academico,v3_d_acad2_a_04
La demo documenta errores del dictado.,NON_CONTROL,academico,v3_d_acad2_a_04
El manual aborda órdenes habladas ambiguas.,NON_CONTROL,academico,v3_d_acad2_a_04
El manual cuantifica interrupciones al redactar.,NON_CONTROL,academico,v3_d_acad2_a_04
El manual compara estrategias de confirmación.,NON_CONTROL,academico,v3_d_acad2_a_05
El manual documenta errores del dictado.,NON_CONTROL,academico,v3_d_acad2_a_05
La encuesta aborda órdenes habladas ambiguas.,NON_CONTROL,academico,v3_d_acad2_a_05
La encuesta cuantifica interrupciones al redactar.,NON_CONTROL,academico,v3_d_acad2_a_05
La encuesta compara estrategias de confirmación.,NON_CONTROL,academico,v3_d_acad2_a_05
La encuesta documenta errores del dictado.,NON_CONTROL,academico,v3_d_acad2_a_05
El registro aborda órdenes habladas ambiguas.,NON_CONTROL,academico,v3_d_acad2_a_06
El registro cuantifica interrupciones al redactar.,NON_CONTROL,academico,v3_d_acad2_a_06
El registro compara estrategias de confirmación.,NON_CONTROL,academico,v3_d_acad2_a_06
El registro documenta errores del dictado.,NON_CONTROL,academico,v3_d_acad2_a_06
La tesis propone umbrales conservadores.,NON_CONTROL,academico,v3_d_acad2_b_00
La tesis evalúa satisfacción con escalas.,NON_CONTROL,academico,v3_d_acad2_b_00
La tesis registra correcciones por minuto.,NON_CONTROL,academico,v3_d_acad2_b_00
La tesis cierra con pautas de diseño.,NON_CONTROL,academico,v3_d_acad2_b_00
El informe propone umbrales conservadores.,NON_CONTROL,academico,v3_d_acad2_b_00
El informe evalúa satisfacción con escalas.,NON_CONTROL,academico,v3_d_acad2_b_00
El informe registra correcciones por minuto.,NON_CONTROL,academico,v3_d_acad2_b_01
El informe cierra con pautas de diseño.,NON_CONTROL,academico,v3_d_acad2_b_01
La prueba piloto propone umbrales conservadores.,NON_CONTROL,academico,v3_d_acad2_b_01
La prueba piloto evalúa satisfacción con escalas.,NON_CONTROL,academico,v3_d_acad2_b_01
La prueba piloto registra correcciones por minuto.,NON_CONTROL,academico,v3_d_acad2_b_01
La prueba piloto cierra con pautas de diseño.,NON_CONTROL,academico,v3_d_acad2_b_01
El grupo focal propone umbrales conservadores.,NON_CONTROL,academico,v3_d_acad2_b_02
El grupo focal evalúa satisfacción con escalas.,NON_CONTROL,academico,v3_d_acad2_b_02
El grupo focal registra correcciones por minuto.,NON_CONTROL,academico,v3_d_acad2_b_02
El grupo focal cierra con pautas de diseño.,NON_CONTROL,academico,v3_d_acad2_b_02
El taller propone umbrales conservadores.,NON_CONTROL,academico,v3_d_acad2_b_02
El taller evalúa satisfacción con escalas.,NON_CONTROL,academico,v3_d_acad2_b_02
El taller registra correcciones por minuto.,NON_CONTROL,academico,v3_d_acad2_b_03
El taller cierra con pautas de diseño.,NON_CONTROL,academico,v3_d_acad2_b_03
El seminario propone umbrales conservadores.,NON_CONTROL,academico,v3_d_acad2_b_03
El seminario evalúa satisfacción con escalas.,NON_CONTROL,academico,v3_d_acad2_b_03
El seminario registra correcciones por minuto.,NON_CONTROL,academico,v3_d_acad2_b_03
El seminario cierra con pautas de diseño.,NON_CONTROL,academico,v3_d_acad2_b_03
La demo propone umbrales conservadores.,NON_CONTROL,academico,v3_d_acad2_b_04
La demo evalúa satisfacción con escalas.,NON_CONTROL,academico,v3_d_acad2_b_04
La demo registra correcciones por minuto.,NON_CONTROL,academico,v3_d_acad2_b_04
La demo cierra con pautas de diseño.,NON_CONTROL,academico,v3_d_acad2_b_04
El manual propone umbrales conservadores.,NON_CONTROL,academico,v3_d_acad2_b_04
El manual evalúa satisfacción con escalas.,NON_CONTROL,academico,v3_d_acad2_b_04
El manual registra correcciones por minuto.,NON_CONTROL,academico,v3_d_acad2_b_05
El manual cierra con pautas de diseño.,NON_CONTROL,academico,v3_d_acad2_b_05
La encuesta propone umbrales conservadores.,NON_CONTROL,academico,v3_d_acad2_b_05
La encuesta evalúa satisfacción con escalas.,NON_CONTROL,academico,v3_d_acad2_b_05
La encuesta registra correcciones por minuto.,NON_CONTROL,academico,v3_d_acad2_b_05
La encuesta cierra con pautas de diseño.,NON_CONTROL,academico,v3_d_acad2_b_05
El registro propone umbrales conservadores.,NON_CONTROL,academico,v3_d_acad2_b_06
El registro evalúa satisfacción con escalas.,NON_CONTROL,academico,v3_d_acad2_b_06
El registro registra correcciones por minuto.,NON_CONTROL,academico,v3_d_acad2_b_06
El registro cierra con pautas de diseño.,NON_CONTROL,academico,v3_d_acad2_b_06
Guardar a diario mantiene el orden del taller.,NON_CONTROL,hard-archivo,v3_d_hf_guardar_00
Saber guardar bien distingue a los profesionales.,NON_CONTROL,hard-archivo,v3_d_hf_guardar_00
Dicen que guardar con calma evita errores.,NON_CONTROL,hard-archivo,v3_d_hf_guardar_00
Aprender a guardar lleva unas semanas.,NON_CONTROL,hard-archivo,v3_d_hf_guardar_00
Abrir a diario mantiene el orden del taller.,NON_CONTROL,hard-archivo,v3_d_hf_abrir_00
Saber abrir bien distingue a los profesionales.,NON_CONTROL,hard-archivo,v3_d_hf_abrir_00
Dicen que abrir con calma evita errores.,NON_CONTROL,hard-archivo,v3_d_hf_abrir_00
Aprender a abrir lleva unas semanas.,NON_CONTROL,hard-archivo,v3_d_hf_abrir_00
Imprimir a diario mantiene el orden del taller.,NON_CONTROL,hard-archivo,v3_d_hf_imprimir_00
Saber imprimir bien distingue a los profesionales.,NON_CONTROL,hard-archivo,v3_d_hf_imprimir_00
Dicen que imprimir con calma evita errores.,NON_CONTROL,hard-archivo,v3_d_hf_imprimir_00
Aprender a imprimir lleva unas semanas.,NON_CONTROL,hard-archivo,v3_d_hf_imprimir_00
Buscar a diario mantiene el orden del taller.,NON_CONTROL,hard-archivo,v3_d_hf_buscar_00
Saber buscar bien distingue a los profesionales.,NON_CONTROL,hard-archivo,v3_d_hf_buscar_00
Dicen que buscar con calma evita errores.,NON_CONTROL,hard-archivo,v3_d_hf_buscar_00
Aprender a buscar lleva unas semanas.,NON_CONTROL,hard-archivo,v3_d_hf_buscar_00
Copiar a diario mantiene el orden del taller.,NON_CONTROL,hard-archivo,v3_d_hf_copiar_00
Saber copiar bien distingue a los profesionales.,NON_CONTROL,hard-archivo,v3_d_hf_copiar_00
Dicen que copiar con calma evita errores.,NON_CONTROL,hard-archivo,v3_d_hf_copiar_00
Aprender a copiar lleva unas semanas.,NON_CONTROL,hard-archivo,v3_d_hf_copiar_00
Pegar a diario mantiene el orden del taller.,NON_CONTROL,hard-archivo,v3_d_hf_pegar_00
Saber pegar bien distingue a los profesionales.,NON_CONTROL,hard-archivo,v3_d_hf_pegar_00
Dicen que pegar con calma evita errores.,NON_CONTROL,hard-archivo,v3_d_hf_pegar_00
Aprender a pegar lleva unas semanas.,NON_CONTROL,hard-archivo,v3_d_hf_pegar_00
Leer a diario mantiene el orden del taller.,NON_CONTROL,hard-archivo,v3_d_hf_leer_00
Saber leer bien distingue a los profesionales.,NON_CONTROL,hard-archivo,v3_d_hf_leer_00
Dicen que leer con calma evita errores.,NON_CONTROL,hard-archivo,v3_d_hf_leer_00
Aprender a leer lleva unas semanas.,NON_CONTROL,hard-archivo,v3_d_hf_leer_00
Exportar a diario mantiene el orden del taller.,NON_CONTROL,hard-archivo,v3_d_hf_exportar_00
Saber exportar bien distingue a los profesionales.,NON_CONTROL,hard-archivo,v3_d_hf_exportar_00
Dicen que exportar con calma evita errores.,NON_CONTROL,hard-archivo,v3_d_hf_exportar_00
Aprender a exportar lleva unas semanas.,NON_CONTROL,hard-archivo,v3_d_hf_exportar_00
Borrar sin pensar trae consecuencias.,NON_CONTROL,hard-infinitivo,v3_d_hi_borrar_00
Conviene borrar solo cuando hace falta.,NON_CONTROL,hard-infinitivo,v3_d_hi_borrar_00
Dicen que borrar de a poco funciona mejor.,NON_CONTROL,hard-infinitivo,v3_d_hi_borrar_00
Hay que borrar con cuidado siempre.,NON_CONTROL,hard-infinitivo,v3_d_hi_borrar_00
Cambiar sin pensar trae consecuencias.,NON_CONTROL,hard-infinitivo,v3_d_hi_cambiar_00
Conviene cambiar solo cuando hace falta.,NON_CONTROL,hard-infinitivo,v3_d_hi_cambiar_00
Dicen que cambiar de a poco funciona mejor.,NON_CONTROL,hard-infinitivo,v3_d_hi_cambiar_00
Hay que cambiar con cuidado siempre.,NON_CONTROL,hard-infinitivo,v3_d_hi_cambiar_00
Modificar sin pensar trae consecuencias.,NON_CONTROL,hard-infinitivo,v3_d_hi_modificar_00
Conviene modificar solo cuando hace falta.,NON_CONTROL,hard-infinitivo,v3_d_hi_modificar_00
Dicen que modificar de a poco funciona mejor.,NON_CONTROL,hard-infinitivo,v3_d_hi_modificar_00
Hay que modificar con cuidado siempre.,NON_CONTROL,hard-infinitivo,v3_d_hi_modificar_00
Reemplazar sin pensar trae consecuencias.,NON_CONTROL,hard-infinitivo,v3_d_hi_reemplazar_00
Conviene reemplazar solo cuando hace falta.,NON_CONTROL,hard-infinitivo,v3_d_hi_reemplazar_00
Dicen que reemplazar de a poco funciona mejor.,NON_CONTROL,hard-infinitivo,v3_d_hi_reemplazar_00
Hay que reemplazar con cuidado siempre.,NON_CONTROL,hard-infinitivo,v3_d_hi_reemplazar_00
Seleccionar sin pensar trae consecuencias.,NON_CONTROL,hard-infinitivo,v3_d_hi_seleccionar_00
Conviene seleccionar solo cuando hace falta.,NON_CONTROL,hard-infinitivo,v3_d_hi_seleccionar_00
Dicen que seleccionar de a poco funciona mejor.,NON_CONTROL,hard-infinitivo,v3_d_hi_seleccionar_00
Hay que seleccionar con cuidado siempre.,NON_CONTROL,hard-infinitivo,v3_d_hi_seleccionar_00
Deshacer sin pensar trae consecuencias.,NON_CONTROL,hard-infinitivo,v3_d_hi_deshacer_00
Conviene deshacer solo cuando hace falta.,NON_CONTROL,hard-infinitivo,v3_d_hi_deshacer_00
Dicen que deshacer de a poco funciona mejor.,NON_CONTROL,hard-infinitivo,v3_d_hi_deshacer_00
Hay que deshacer con cuidado siempre.,NON_CONTROL,hard-infinitivo,v3_d_hi_deshacer_00
Rehacer sin pensar trae consecuencias.,NON_CONTROL,hard-infinitivo,v3_d_hi_rehacer_00
Conviene rehacer solo cuando hace falta.,NON_CONTROL,hard-infinitivo,v3_d_hi_rehacer_00
Dicen que rehacer de a poco funciona mejor.,NON_CONTROL,hard-infinitivo,v3_d_hi_rehacer_00
Hay que rehacer con cuidado siempre.,NON_CONTROL,hard-infinitivo,v3_d_hi_rehacer_00
Subrayar sin pensar trae consecuencias.,NON_CONTROL,hard-infinitivo,v3_d_hi_subrayar_00
Conviene subrayar solo cuando hace falta.,NON_CONTROL,hard-infinitivo,v3_d_hi_subrayar_00
Dicen que subrayar de a poco funciona mejor.,NON_CONTROL,hard-infinitivo,v3_d_hi_subrayar_00
Hay que subrayar con cuidado siempre.,NON_CONTROL,hard-infinitivo,v3_d_hi_subrayar_00
Eliminar sin pensar trae consecuencias.,NON_CONTROL,hard-infinitivo,v3_d_hi_eliminar_00
Conviene eliminar solo cuando hace falta.,NON_CONTROL,hard-infinitivo,v3_d_hi_eliminar_00
Dicen que eliminar de a poco funciona mejor.,NON_CONTROL,hard-infinitivo,v3_d_hi_eliminar_00
Hay que eliminar con cuidado siempre.,NON_CONTROL,hard-infinitivo,v3_d_hi_eliminar_00
Poner sin pensar trae consecuencias.,NON_CONTROL,hard-infinitivo,v3_d_hi_poner_00
Conviene poner solo cuando hace falta.,NON_CONTROL,hard-infinitivo,v3_d_hi_poner_00
Dicen que poner de a poco funciona mejor.,NON_CONTROL,hard-infinitivo,v3_d_hi_poner_00
Hay que poner con cuidado siempre.,NON_CONTROL,hard-infinitivo,v3_d_hi_poner_00
"La maestra escribió ""abran el libro"" en el pizarrón.",NON_CONTROL,hard-cita,v3_d_cita2_00
"El reglamento dice ""guarden silencio"".",NON_CONTROL,hard-cita,v3_d_cita2_00
"El anuncio pide ""no pisar el césped"".",NON_CONTROL,hard-cita,v3_d_cita2_00
"La carta termina con ""atentamente"".",NON_CONTROL,hard-cita,v3_d_cita2_00
"El examen indica ""justifique su respuesta"".",NON_CONTROL,hard-cita,v3_d_cita2_00
"El cartel reza ""cerrado por inventario"".",NON_CONTROL,hard-cita,v3_d_cita2_00
"El instructivo advierte ""no agitar"".",NON_CONTROL,hard-cita,v3_d_cita2_01
"La pantalla muestra ""cargando"".",NON_CONTROL,hard-cita,v3_d_cita2_01
El verbo guardar rige preposición en algunos usos.,NON_CONTROL,hard-metalenguaje,v3_d_meta2_00
El sustantivo título lleva tilde por ser esdrújula.,NON_CONTROL,hard-metalenguaje,v3_d_meta2_00
Borrar es un verbo regular de la primera conjugación.,NON_CONTROL,hard-metalenguaje,v3_d_meta2_00
Seleccionar implica elegir entre opciones.,NON_CONTROL,hard-metalenguaje,v3_d_meta2_00
El imperativo usa formas propias en cada persona.,NON_CONTROL,hard-metalenguaje,v3_d_meta2_00
Imprimir viene del latín premere.,NON_CONTROL,hard-metalenguaje,v3_d_meta2_00
Buscar y encontrar no son sinónimos exactos.,NON_CONTROL,hard-metalenguaje,v3_d_meta2_01
Copiar en exámenes se sanciona con cero.,NON_CONTROL,hard-metalenguaje,v3_d_meta2_01
Guardaron las sobras para mañana.,NON_CONTROL,hard-mixto,v3_d_mix2_00
Abrieron la tienda muy temprano.,NON_CONTROL,hard-mixto,v3_d_mix2_00
Imprimieron volantes para la marcha.,NON_CONTROL,hard-mixto,v3_d_mix2_00
Buscaron al perro hasta tarde.,NON_CONTROL,hard-mixto,v3_d_mix2_00
Copiaron las llaves de emergencia.,NON_CONTROL,hard-mixto,v3_d_mix2_00
Pegaron estampas en el álbum.,NON_CONTROL,hard-mixto,v3_d_mix2_00
Leyeron cuentos antes de dormir.,NON_CONTROL,hard-mixto,v3_d_mix2_01
Exportaron café de altura.,NON_CONTROL,hard-mixto,v3_d_mix2_01
Seleccionaron a los finalistas ayer.,NON_CONTROL,hard-mixto,v3_d_mix2_01
Borraron las fotos movidas.,NON_CONTROL,hard-mixto,v3_d_mix2_01
"No, mejor déjalo.",NON_CONTROL,conversacion,v3_n_conv_c_05
Está bien por ahora.,NON_CONTROL,conversacion,v3_n_conv_c_05
Ya casi termino.,NON_CONTROL,conversacion,v3_n_conv_c_05
Permíteme un segundo.,NON_CONTROL,conversacion,v3_n_conv_d_00
Dame chance de revisar.,NON_CONTROL,conversacion,v3_n_conv_d_00
Aguántame tantito.,NON_CONTROL,conversacion,v3_n_conv_d_00
"Espérame, ya voy.",NON_CONTROL,conversacion,v3_n_conv_d_00
Ahorita lo veo.,NON_CONTROL,conversacion,v3_n_conv_d_00
Al rato lo checamos.,NON_CONTROL,conversacion,v3_n_conv_d_00
Luego lo platicamos.,NON_CONTROL,conversacion,v3_n_conv_d_01
Mañana lo decidimos.,NON_CONTROL,conversacion,v3_n_conv_d_01
En un momento te digo.,NON_CONTROL,conversacion,v3_n_conv_d_01
Deja termino esto.,NON_CONTROL,conversacion,v3_n_conv_d_01
Ya merito acabo.,NON_CONTROL,conversacion,v3_n_conv_d_01
"Casi, casi.",NON_CONTROL,conversacion,v3_n_conv_d_01
Ahí va quedando.,NON_CONTROL,conversacion,v3_n_conv_d_02
Va tomando forma.,NON_CONTROL,conversacion,v3_n_conv_d_02
Ya se está armando.,NON_CONTROL,conversacion,v3_n_conv_d_02
Esto promete.,NON_CONTROL,conversacion,v3_n_conv_d_02
Pinta bien.,NON_CONTROL,conversacion,v3_n_conv_d_02
Huele a éxito.,NON_CONTROL,conversacion,v3_n_conv_d_02
Se ve prometedor.,NON_CONTROL,conversacion,v3_n_conv_d_03
Tiene potencial.,NON_CONTROL,conversacion,v3_n_conv_d_03
Hay que pulirlo.,NON_CONTROL,conversacion,v3_n_conv_d_03
Le falta sazón.,NON_CONTROL,conversacion,v3_n_conv_d_03
Está crudo todavía.,NON_CONTROL,conversacion,v3_n_conv_d_03
Ya madurará.,NON_CONTROL,conversacion,v3_n_conv_d_03
Dale tiempo.,NON_CONTROL,conversacion,v3_n_conv_d_04
Sin prisa.,NON_CONTROL,conversacion,v3_n_conv_d_04
Con calma.,NON_CONTROL,conversacion,v3_n_conv_d_04
Paso a paso.,NON_CONTROL,conversacion,v3_n_conv_d_04
Poco a poco.,NON_CONTROL,conversacion,v3_n_conv_d_04
Día a día.,NON_CONTROL,conversacion,v3_n_conv_d_04
Ahí la llevamos.,NON_CONTROL,conversacion,v3_n_conv_d_05
Piensa antes de hablar.,NON_CONTROL,imperative-like,v3_n_imp_c_00
Respira hondo primero.,NON_CONTROL,imperative-like,v3_n_imp_c_00
"Calma, que hay tiempo.",NON_CONTROL,imperative-like,v3_n_imp_c_00
"Tranquilo, todo saldrá bien.",NON_CONTROL,imperative-like,v3_n_imp_c_00
Frena un poco el ritmo.,NON_CONTROL,imperative-like,v3_n_imp_c_00
"Baja la voz, por favor.",NON_CONTROL,imperative-like,v3_n_imp_c_00
"Sube el ánimo, compañero.",NON_CONTROL,imperative-like,v3_n_imp_c_01
Abre bien los ojos.,NON_CONTROL,imperative-like,v3_n_imp_c_01
Cierra la puerta al salir.,NON_CONTROL,imperative-like,v3_n_imp_c_01
Apaga la luz si no estás.,NON_CONTROL,imperative-like,v3_n_imp_c_01
Tiende tu cama cada mañana.,NON_CONTROL,imperative-like,v3_n_imp_c_01
Lava los trastes después.,NON_CONTROL,imperative-like,v3_n_imp_c_01
Barre la entrada por favor.,NON_CONTROL,imperative-like,v3_n_imp_c_02
Riega las plantas del patio.,NON_CONTROL,imperative-like,v3_n_imp_c_02
Saca la basura esta noche.,NON_CONTROL,imperative-like,v3_n_imp_c_02
Tiende la ropa tendida.,NON_CONTROL,imperative-like,v3_n_imp_c_02
Haz la tarea temprano.,NON_CONTROL,imperative-like,v3_n_imp_c_02
Estudia para el examen.,NON_CONTROL,imperative-like,v3_n_imp_c_02
Practica piano media hora.,NON_CONTROL,imperative-like,v3_n_imp_c_03
Corre tres kilómetros.,NON_CONTROL,imperative-like,v3_n_imp_c_03
Camina hasta la esquina.,NON_CONTROL,imperative-like,v3_n_imp_c_03
Maneja con precaución.,NON_CONTROL,imperative-like,v3_n_imp_c_03
Cruza por el puente.,NON_CONTROL,imperative-like,v3_n_imp_c_03
Toma el camión de las siete.,NON_CONTROL,imperative-like,v3_n_imp_c_03
Baja en la siguiente parada.,NON_CONTROL,imperative-like,v3_n_imp_c_04
Sube las escaleras despacio.,NON_CONTROL,imperative-like,v3_n_imp_c_04
No te preocupes por eso.,NON_CONTROL,imperative-like,v3_n_imp_d_00
No hagas caso de los rumores.,NON_CONTROL,imperative-like,v3_n_imp_d_00
No corras antes de caminar.,NON_CONTROL,imperative-like,v3_n_imp_d_00
No cantes victoria todavía.,NON_CONTROL,imperative-like,v3_n_imp_d_00
No vendas la piel del oso.,NON_CONTROL,imperative-like,v3_n_imp_d_00
No cuentes los pollos.,NON_CONTROL,imperative-like,v3_n_imp_d_00
No dejes para mañana.,NON_CONTROL,imperative-like,v3_n_imp_d_01
No tires la toalla.,NON_CONTROL,imperative-like,v3_n_imp_d_01
No pierdas la calma.,NON_CONTROL,imperative-like,v3_n_imp_d_01
No te rindas ahora.,NON_CONTROL,imperative-like,v3_n_imp_d_01
No olvides sonreír.,NON_CONTROL,imperative-like,v3_n_imp_d_01
No dejes de intentarlo.,NON_CONTROL,imperative-like,v3_n_imp_d_01
No temas preguntar.,NON_CONTROL,imperative-like,v3_n_imp_d_02
No dudes en llamar.,NON_CONTROL,imperative-like,v3_n_imp_d_02
No tardes mucho.,NON_CONTROL,imperative-like,v3_n_imp_d_02
No te entretengas.,NON_CONTROL,imperative-like,v3_n_imp_d_02
Perdona el desorden.,NON_CONTROL,imperative-like,v3_n_imp_d_02
Disculpa la tardanza.,NON_CONTROL,imperative-like,v3_n_imp_d_02
"Con permiso, voy pasando.",NON_CONTROL,imperative-like,v3_n_imp_d_03
"Salud, por los buenos tiempos.",NON_CONTROL,imperative-like,v3_n_imp_d_03
Felicidades por tu logro.,NON_CONTROL,imperative-like,v3_n_imp_d_03
Bienvenido a bordo.,NON_CONTROL,imperative-like,v3_n_imp_d_03
"Hasta luego, nos vemos.",NON_CONTROL,imperative-like,v3_n_imp_d_03
Que descanses esta noche.,NON_CONTROL,imperative-like,v3_n_imp_d_03
Cuídate mucho.,NON_CONTROL,imperative-like,v3_n_imp_d_04
Pórtate bien.,NON_CONTROL,imperative-like,v3_n_imp_d_04
Éxito en todo.,NON_CONTROL,imperative-like,v3_n_imp_d_04
Abre el informe de ayer,EDITOR_CONTROL,archivo,v3_y_open_Abre {_00
Abre la hoja de cálculo,EDITOR_CONTROL,archivo,v3_y_open_Abre {_00
Abre el contrato final,EDITOR_CONTROL,archivo,v3_y_open_Abre {_00
Abre el borrador,EDITOR_CONTROL,archivo,v3_y_open_Abre {_00
Abre la presentación,EDITOR_CONTROL,archivo,v3_y_open_Abre {_00
Abre el archivo adjunto,EDITOR_CONTROL,archivo,v3_y_open_Abre {_00
Abre el manual,EDITOR_CONTROL,archivo,v3_y_open_Abre {_00
Abre la tesis,EDITOR_CONTROL,archivo,v3_y_open_Abre {_00
Abre el informe de ayer por favor.,EDITOR_CONTROL,archivo,v3_y_open_Abre {_00
Abre la hoja de cálculo por favor.,EDITOR_CONTROL,archivo,v3_y_open_Abre {_00
Abre el contrato final por favor.,EDITOR_CONTROL,archivo,v3_y_open_Abre {_00
Abre el borrador por favor.,EDITOR_CONTROL,archivo,v3_y_open_Abre {_00
Abre la presentación por favor.,EDITOR_CONTROL,archivo,v3_y_open_Abre {_00
Abre el archivo adjunto por favor.,EDITOR_CONTROL,archivo,v3_y_open_Abre {_00
Abre el manual por favor.,EDITOR_CONTROL,archivo,v3_y_open_Abre {_00
Abre la tesis por favor.,EDITOR_CONTROL,archivo,v3_y_open_Abre {_00
Necesito que abras el informe de ayer.,EDITOR_CONTROL,archivo,v3_y_open_Necesi_00
Necesito que abras la hoja de cálculo.,EDITOR_CONTROL,archivo,v3_y_open_Necesi_00
Necesito que abras el contrato final.,EDITOR_CONTROL,archivo,v3_y_open_Necesi_00
Necesito que abras el borrador.,EDITOR_CONTROL,archivo,v3_y_open_Necesi_00
Necesito que abras la presentación.,EDITOR_CONTROL,archivo,v3_y_open_Necesi_00
Necesito que abras el archivo adjunto.,EDITOR_CONTROL,archivo,v3_y_open_Necesi_00
Necesito que abras el manual.,EDITOR_CONTROL,archivo,v3_y_open_Necesi_00
Necesito que abras la tesis.,EDITOR_CONTROL,archivo,v3_y_open_Necesi_00
¿Puedes abrir el informe de ayer?,EDITOR_CONTROL,archivo,v3_y_open_¿Puede_00
¿Puedes abrir la hoja de cálculo?,EDITOR_CONTROL,archivo,v3_y_open_¿Puede_00
¿Puedes abrir el contrato final?,EDITOR_CONTROL,archivo,v3_y_open_¿Puede_00
¿Puedes abrir el borrador?,EDITOR_CONTROL,archivo,v3_y_open_¿Puede_00
¿Puedes abrir la presentación?,EDITOR_CONTROL,archivo,v3_y_open_¿Puede_00
¿Puedes abrir el archivo adjunto?,EDITOR_CONTROL,archivo,v3_y_open_¿Puede_00
¿Puedes abrir el manual?,EDITOR_CONTROL,archivo,v3_y_open_¿Puede_00
¿Puedes abrir la tesis?,EDITOR_CONTROL,archivo,v3_y_open_¿Puede_00
Guarda el borrador,EDITOR_CONTROL,archivo,v3_y_save_Guarda_00
Guarda el informe,EDITOR_CONTROL,archivo,v3_y_save_Guarda_00
Guarda esta versión,EDITOR_CONTROL,archivo,v3_y_save_Guarda_00
Guarda el archivo,EDITOR_CONTROL,archivo,v3_y_save_Guarda_00
Guarda tu avance,EDITOR_CONTROL,archivo,v3_y_save_Guarda_00
Guarda la carta,EDITOR_CONTROL,archivo,v3_y_save_Guarda_00
Guarda el documento por favor.,EDITOR_CONTROL,archivo,v3_y_save_Guarda_00
Guarda los cambios por favor.,EDITOR_CONTROL,archivo,v3_y_save_Guarda_00
Guarda el borrador por favor.,EDITOR_CONTROL,archivo,v3_y_save_Guarda_00
Guarda el informe por favor.,EDITOR_CONTROL,archivo,v3_y_save_Guarda_00
Guarda esta versión por favor.,EDITOR_CONTROL,archivo,v3_y_save_Guarda_00
Guarda el archivo por favor.,EDITOR_CONTROL,archivo,v3_y_save_Guarda_00
Guarda tu avance por favor.,EDITOR_CONTROL,archivo,v3_y_save_Guarda_00
Guarda la carta por favor.,EDITOR_CONTROL,archivo,v3_y_save_Guarda_00
Guarda el documento antes de cerrar.,EDITOR_CONTROL,archivo,v3_y_save_Guarda_00
Guarda los cambios antes de cerrar.,EDITOR_CONTROL,archivo,v3_y_save_Guarda_00
Guarda el borrador antes de cerrar.,EDITOR_CONTROL,archivo,v3_y_save_Guarda_00
Guarda el informe antes de cerrar.,EDITOR_CONTROL,archivo,v3_y_save_Guarda_00
Guarda esta versión antes de cerrar.,EDITOR_CONTROL,archivo,v3_y_save_Guarda_00
Guarda el archivo antes de cerrar.,EDITOR_CONTROL,archivo,v3_y_save_Guarda_00
Guarda tu avance antes de cerrar.,EDITOR_CONTROL,archivo,v3_y_save_Guarda_00
Guarda la carta antes de cerrar.,EDITOR_CONTROL,archivo,v3_y_save_Guarda_00
No olvides guardar el documento.,EDITOR_CONTROL,archivo,v3_y_save_No olv_00
No olvides guardar los cambios.,EDITOR_CONTROL,archivo,v3_y_save_No olv_00
No olvides guardar el borrador.,EDITOR_CONTROL,archivo,v3_y_save_No olv_00
No olvides guardar el informe.,EDITOR_CONTROL,archivo,v3_y_save_No olv_00
No olvides guardar esta versión.,EDITOR_CONTROL,archivo,v3_y_save_No olv_00
No olvides guardar el archivo.,EDITOR_CONTROL,archivo,v3_y_save_No olv_00
No olvides guardar tu avance.,EDITOR_CONTROL,archivo,v3_y_save_No olv_00
No olvides guardar la carta.,EDITOR_CONTROL,archivo,v3_y_save_No olv_00
Imprime el informe,EDITOR_CONTROL,archivo,v3_y_print_Imprim_00
Imprime el contrato,EDITOR_CONTROL,archivo,v3_y_print_Imprim_00
Imprime las primeras páginas,EDITOR_CONTROL,archivo,v3_y_print_Imprim_00
Imprime el borrador,EDITOR_CONTROL,archivo,v3_y_print_Imprim_00
Imprime la propuesta,EDITOR_CONTROL,archivo,v3_y_print_Imprim_00
Imprime el anexo,EDITOR_CONTROL,archivo,v3_y_print_Imprim_00
Imprime dos copias,EDITOR_CONTROL,archivo,v3_y_print_Imprim_00
Imprime esta página por favor.,EDITOR_CONTROL,archivo,v3_y_print_Imprim_00
Imprime el informe por favor.,EDITOR_CONTROL,archivo,v3_y_print_Imprim_00
Imprime el contrato por favor.,EDITOR_CONTROL,archivo,v3_y_print_Imprim_00
Imprime las primeras páginas por favor.,EDITOR_CONTROL,archivo,v3_y_print_Imprim_00
Imprime el borrador por favor.,EDITOR_CONTROL,archivo,v3_y_print_Imprim_00
Imprime la propuesta por favor.,EDITOR_CONTROL,archivo,v3_y_print_Imprim_00
Imprime el anexo por favor.,EDITOR_CONTROL,archivo,v3_y_print_Imprim_00
Imprime dos copias por favor.,EDITOR_CONTROL,archivo,v3_y_print_Imprim_00
Manda a imprimir esta página.,EDITOR_CONTROL,archivo,v3_y_print_Manda_00
Manda a imprimir el informe.,EDITOR_CONTROL,archivo,v3_y_print_Manda_00
Manda a imprimir el contrato.,EDITOR_CONTROL,archivo,v3_y_print_Manda_00
Manda a imprimir las primeras páginas.,EDITOR_CONTROL,archivo,v3_y_print_Manda_00
Manda a imprimir el borrador.,EDITOR_CONTROL,archivo,v3_y_print_Manda_00
Manda a imprimir la propuesta.,EDITOR_CONTROL,archivo,v3_y_print_Manda_00
Manda a imprimir el anexo.,EDITOR_CONTROL,archivo,v3_y_print_Manda_00
Saca una copia impresa de esta página.,EDITOR_CONTROL,archivo,v3_y_print_Saca u_00
Saca una copia impresa de el informe.,EDITOR_CONTROL,archivo,v3_y_print_Saca u_00
Saca una copia impresa de el contrato.,EDITOR_CONTROL,archivo,v3_y_print_Saca u_00
Saca una copia impresa de las primeras páginas.,EDITOR_CONTROL,archivo,v3_y_print_Saca u_00
Saca una copia impresa de el borrador.,EDITOR_CONTROL,archivo,v3_y_print_Saca u_00
Saca una copia impresa de la propuesta.,EDITOR_CONTROL,archivo,v3_y_print_Saca u_00
Saca una copia impresa de el anexo.,EDITOR_CONTROL,archivo,v3_y_print_Saca u_00
Saca una copia impresa de dos copias.,EDITOR_CONTROL,archivo,v3_y_print_Saca u_00
Busca la palabra resumen en el documento.,EDITOR_CONTROL,buscar,v3_y_find_Busca_00
Busca el nombre del autor en el documento.,EDITOR_CONTROL,buscar,v3_y_find_Busca_00
Busca la fecha de entrega en el documento.,EDITOR_CONTROL,buscar,v3_y_find_Busca_00
Busca el párrafo repetido en el documento.,EDITOR_CONTROL,buscar,v3_y_find_Busca_00
Busca la cita pendiente en el documento.,EDITOR_CONTROL,buscar,v3_y_find_Busca_00
Busca los errores de dedo en el documento.,EDITOR_CONTROL,buscar,v3_y_find_Busca_00
Encuentra la palabra resumen por favor.,EDITOR_CONTROL,buscar,v3_y_find_Encuen_00
Encuentra el nombre del autor por favor.,EDITOR_CONTROL,buscar,v3_y_find_Encuen_00
Encuentra la fecha de entrega por favor.,EDITOR_CONTROL,buscar,v3_y_find_Encuen_00
Encuentra el párrafo repetido por favor.,EDITOR_CONTROL,buscar,v3_y_find_Encuen_00
Encuentra la cita pendiente por favor.,EDITOR_CONTROL,buscar,v3_y_find_Encuen_00
Encuentra los errores de dedo por favor.,EDITOR_CONTROL,buscar,v3_y_find_Encuen_00
Localiza la palabra resumen en el texto.,EDITOR_CONTROL,buscar,v3_y_find_Locali_00
Localiza el nombre del autor en el texto.,EDITOR_CONTROL,buscar,v3_y_find_Locali_00
Localiza la fecha de entrega en el texto.,EDITOR_CONTROL,buscar,v3_y_find_Locali_00
Localiza el párrafo repetido en el texto.,EDITOR_CONTROL,buscar,v3_y_find_Locali_00
Localiza la cita pendiente en el texto.,EDITOR_CONTROL,buscar,v3_y_find_Locali_00
Localiza los errores de dedo en el texto.,EDITOR_CONTROL,buscar,v3_y_find_Locali_00
¿Dónde dice la palabra resumen?,EDITOR_CONTROL,buscar,v3_y_find_¿Dónde_00
¿Dónde dice el nombre del autor?,EDITOR_CONTROL,buscar,v3_y_find_¿Dónde_00
¿Dónde dice la fecha de entrega?,EDITOR_CONTROL,buscar,v3_y_find_¿Dónde_00
¿Dónde dice el párrafo repetido?,EDITOR_CONTROL,buscar,v3_y_find_¿Dónde_00
¿Dónde dice la cita pendiente?,EDITOR_CONTROL,buscar,v3_y_find_¿Dónde_00
¿Dónde dice los errores de dedo?,EDITOR_CONTROL,buscar,v3_y_find_¿Dónde_00
Exporta el informe como pdf.,EDITOR_CONTROL,archivo,v3_y_export_Export_00
Exporta la tesis como pdf.,EDITOR_CONTROL,archivo,v3_y_export_Export_00
Exporta el manual como pdf.,EDITOR_CONTROL,archivo,v3_y_export_Export_00
Exporta el folleto como pdf.,EDITOR_CONTROL,archivo,v3_y_export_Export_00
Exporta la propuesta como pdf.,EDITOR_CONTROL,archivo,v3_y_export_Export_00
Exporta el informe a texto plano.,EDITOR_CONTROL,archivo,v3_y_export_Export_00
Exporta la tesis a texto plano.,EDITOR_CONTROL,archivo,v3_y_export_Export_00
Exporta el manual a texto plano.,EDITOR_CONTROL,archivo,v3_y_export_Export_00
Exporta el folleto a texto plano.,EDITOR_CONTROL,archivo,v3_y_export_Export_00
Exporta la propuesta a texto plano.,EDITOR_CONTROL,archivo,v3_y_export_Export_00
Genera el pdf de el informe.,EDITOR_CONTROL,archivo,v3_y_export_Genera_00
Genera el pdf de la tesis.,EDITOR_CONTROL,archivo,v3_y_export_Genera_00
Genera el pdf de el manual.,EDITOR_CONTROL,archivo,v3_y_export_Genera_00
Genera el pdf de el folleto.,EDITOR_CONTROL,archivo,v3_y_export_Genera_00
Genera el pdf de la propuesta.,EDITOR_CONTROL,archivo,v3_y_export_Genera_00
Convierte el informe a Word.,EDITOR_CONTROL,archivo,v3_y_export_Convie_00
Convierte la tesis a Word.,EDITOR_CONTROL,archivo,v3_y_export_Convie_00
Convierte el manual a Word.,EDITOR_CONTROL,archivo,v3_y_export_Convie_00
Convierte el folleto a Word.,EDITOR_CONTROL,archivo,v3_y_export_Convie_00
Convierte la propuesta a Word.,EDITOR_CONTROL,archivo,v3_y_export_Convie_00
Léeme la introducción,EDITOR_CONTROL,lectura,v3_y_read_Léeme_00
Léeme el resumen,EDITOR_CONTROL,lectura,v3_y_read_Léeme_00
Léeme lo seleccionado,EDITOR_CONTROL,lectura,v3_y_read_Léeme_00
Léeme el primer capítulo,EDITOR_CONTROL,lectura,v3_y_read_Léeme_00
Lee este párrafo en voz alta.,EDITOR_CONTROL,lectura,v3_y_read_Lee {}_00
Lee la introducción en voz alta.,EDITOR_CONTROL,lectura,v3_y_read_Lee {}_00
Lee el resumen en voz alta.,EDITOR_CONTROL,lectura,v3_y_read_Lee {}_00
Lee lo seleccionado en voz alta.,EDITOR_CONTROL,lectura,v3_y_read_Lee {}_00
Lee el primer capítulo en voz alta.,EDITOR_CONTROL,lectura,v3_y_read_Lee {}_00
Reproduce la lectura de este párrafo.,EDITOR_CONTROL,lectura,v3_y_read_Reprod_00
Reproduce la lectura de la introducción.,EDITOR_CONTROL,lectura,v3_y_read_Reprod_00
Reproduce la lectura de el resumen.,EDITOR_CONTROL,lectura,v3_y_read_Reprod_00
Reproduce la lectura de lo seleccionado.,EDITOR_CONTROL,lectura,v3_y_read_Reprod_00
Reproduce la lectura de el primer capítulo.,EDITOR_CONTROL,lectura,v3_y_read_Reprod_00
Ve al índice.,EDITOR_CONTROL,navegacion,v3_y_nav_Ve_00
Ve a la bibliografía.,EDITOR_CONTROL,navegacion,v3_y_nav_Ve_00
Ve al apéndice.,EDITOR_CONTROL,navegacion,v3_y_nav_Ve_00
Ve al glosario.,EDITOR_CONTROL,navegacion,v3_y_nav_Ve_00
Ve al prólogo.,EDITOR_CONTROL,navegacion,v3_y_nav_Ve_00
Ve a los agradecimientos.,EDITOR_CONTROL,navegacion,v3_y_nav_Ve_00
Ve a la primera nota.,EDITOR_CONTROL,navegacion,v3_y_nav_Ve_00
Ve al último cuadro.,EDITOR_CONTROL,navegacion,v3_y_nav_Ve_00
Salta al índice.,EDITOR_CONTROL,navegacion,v3_y_nav_Salta_00
Salta a la bibliografía.,EDITOR_CONTROL,navegacion,v3_y_nav_Salta_00
Salta al apéndice.,EDITOR_CONTROL,navegacion,v3_y_nav_Salta_00
Salta al glosario.,EDITOR_CONTROL,navegacion,v3_y_nav_Salta_00
Salta al prólogo.,EDITOR_CONTROL,navegacion,v3_y_nav_Salta_00
Salta a los agradecimientos.,EDITOR_CONTROL,navegacion,v3_y_nav_Salta_00
Salta a la primera nota.,EDITOR_CONTROL,navegacion,v3_y_nav_Salta_00
Salta al último cuadro.,EDITOR_CONTROL,navegacion,v3_y_nav_Salta_00
Desplázate al índice.,EDITOR_CONTROL,navegacion,v3_y_nav_Desplázate_00
Desplázate a la bibliografía.,EDITOR_CONTROL,navegacion,v3_y_nav_Desplázate_00
Desplázate al apéndice.,EDITOR_CONTROL,navegacion,v3_y_nav_Desplázate_00
Desplázate al glosario.,EDITOR_CONTROL,navegacion,v3_y_nav_Desplázate_00
Desplázate al prólogo.,EDITOR_CONTROL,navegacion,v3_y_nav_Desplázate_00
Desplázate a los agradecimientos.,EDITOR_CONTROL,navegacion,v3_y_nav_Desplázate_00
Desplázate a la primera nota.,EDITOR_CONTROL,navegacion,v3_y_nav_Desplázate_00
Desplázate al último cuadro.,EDITOR_CONTROL,navegacion,v3_y_nav_Desplázate_00
Baja al índice.,EDITOR_CONTROL,navegacion,v3_y_nav_Baja_00
Baja a la bibliografía.,EDITOR_CONTROL,navegacion,v3_y_nav_Baja_00
Baja al apéndice.,EDITOR_CONTROL,navegacion,v3_y_nav_Baja_00
Baja al glosario.,EDITOR_CONTROL,navegacion,v3_y_nav_Baja_00
Baja al prólogo.,EDITOR_CONTROL,navegacion,v3_y_nav_Baja_00
Baja a los agradecimientos.,EDITOR_CONTROL,navegacion,v3_y_nav_Baja_00
Baja a la primera nota.,EDITOR_CONTROL,navegacion,v3_y_nav_Baja_00
Baja al último cuadro.,EDITOR_CONTROL,navegacion,v3_y_nav_Baja_00
Selecciona la tabla.,EDITOR_CONTROL,seleccion,v3_y_sel_Selecciona_00
Selecciona el gráfico.,EDITOR_CONTROL,seleccion,v3_y_sel_Selecciona_00
Selecciona el recuadro.,EDITOR_CONTROL,seleccion,v3_y_sel_Selecciona_00
Selecciona la imagen.,EDITOR_CONTROL,seleccion,v3_y_sel_Selecciona_00
Selecciona el diagrama.,EDITOR_CONTROL,seleccion,v3_y_sel_Selecciona_00
Selecciona el mapa.,EDITOR_CONTROL,seleccion,v3_y_sel_Selecciona_00
Marca la tabla completo.,EDITOR_CONTROL,seleccion,v3_y_sel_Marca_00
Marca el gráfico completo.,EDITOR_CONTROL,seleccion,v3_y_sel_Marca_00
Marca el recuadro completo.,EDITOR_CONTROL,seleccion,v3_y_sel_Marca_00
Marca la imagen completo.,EDITOR_CONTROL,seleccion,v3_y_sel_Marca_00
Marca el diagrama completo.,EDITOR_CONTROL,seleccion,v3_y_sel_Marca_00
Marca el mapa completo.,EDITOR_CONTROL,seleccion,v3_y_sel_Marca_00
Elige la tabla por favor.,EDITOR_CONTROL,seleccion,v3_y_sel_Elige_00
Elige el gráfico por favor.,EDITOR_CONTROL,seleccion,v3_y_sel_Elige_00
Elige el recuadro por favor.,EDITOR_CONTROL,seleccion,v3_y_sel_Elige_00
Elige la imagen por favor.,EDITOR_CONTROL,seleccion,v3_y_sel_Elige_00
Elige el diagrama por favor.,EDITOR_CONTROL,seleccion,v3_y_sel_Elige_00
Elige el mapa por favor.,EDITOR_CONTROL,seleccion,v3_y_sel_Elige_00
Resalta la tabla.,EDITOR_CONTROL,seleccion,v3_y_sel_Resalta_00
Resalta el gráfico.,EDITOR_CONTROL,seleccion,v3_y_sel_Resalta_00
Resalta el recuadro.,EDITOR_CONTROL,seleccion,v3_y_sel_Resalta_00
Resalta la imagen.,EDITOR_CONTROL,seleccion,v3_y_sel_Resalta_00
Resalta el diagrama.,EDITOR_CONTROL,seleccion,v3_y_sel_Resalta_00
Resalta el mapa.,EDITOR_CONTROL,seleccion,v3_y_sel_Resalta_00
Copia la dirección.,EDITOR_CONTROL,copy,v3_y_cp_Copia_00
Copia el teléfono.,EDITOR_CONTROL,copy,v3_y_cp_Copia_00
Copia la referencia.,EDITOR_CONTROL,copy,v3_y_cp_Copia_00
Copia el enlace.,EDITOR_CONTROL,copy,v3_y_cp_Copia_00
Copia este párrafo por favor.,EDITOR_CONTROL,copy,v3_y_cp_Copia_00
Copia la dirección por favor.,EDITOR_CONTROL,copy,v3_y_cp_Copia_00
Copia el teléfono por favor.,EDITOR_CONTROL,copy,v3_y_cp_Copia_00
Corta este párrafo.,EDITOR_CONTROL,cut,v3_y_cp_Corta_00
Corta la dirección.,EDITOR_CONTROL,cut,v3_y_cp_Corta_00
Corta el teléfono.,EDITOR_CONTROL,cut,v3_y_cp_Corta_00
Corta la referencia.,EDITOR_CONTROL,cut,v3_y_cp_Corta_00
Corta el enlace.,EDITOR_CONTROL,cut,v3_y_cp_Corta_00
Corta este párrafo por favor.,EDITOR_CONTROL,cut,v3_y_cp_Corta_00
Corta la dirección por favor.,EDITOR_CONTROL,cut,v3_y_cp_Corta_00
Corta el teléfono por favor.,EDITOR_CONTROL,cut,v3_y_cp_Corta_00
Pega este párrafo.,EDITOR_CONTROL,paste,v3_y_cp_Pega_00
Pega la dirección.,EDITOR_CONTROL,paste,v3_y_cp_Pega_00
Pega el teléfono.,EDITOR_CONTROL,paste,v3_y_cp_Pega_00
Pega la referencia.,EDITOR_CONTROL,paste,v3_y_cp_Pega_00
Pega el enlace.,EDITOR_CONTROL,paste,v3_y_cp_Pega_00
Pega este párrafo por favor.,EDITOR_CONTROL,paste,v3_y_cp_Pega_00
Pega la dirección por favor.,EDITOR_CONTROL,paste,v3_y_cp_Pega_00
Pega el teléfono por favor.,EDITOR_CONTROL,paste,v3_y_cp_Pega_00
Duplica este párrafo.,EDITOR_CONTROL,copy,v3_y_cp_Duplica_00
Duplica la dirección.,EDITOR_CONTROL,copy,v3_y_cp_Duplica_00
Duplica el teléfono.,EDITOR_CONTROL,copy,v3_y_cp_Duplica_00
Duplica la referencia.,EDITOR_CONTROL,copy,v3_y_cp_Duplica_00
Duplica el enlace.,EDITOR_CONTROL,copy,v3_y_cp_Duplica_00
Duplica este párrafo por favor.,EDITOR_CONTROL,copy,v3_y_cp_Duplica_00
Duplica la dirección por favor.,EDITOR_CONTROL,copy,v3_y_cp_Duplica_00
Duplica el teléfono por favor.,EDITOR_CONTROL,copy,v3_y_cp_Duplica_00
Deshaz el formato aplicado.,EDITOR_CONTROL,undo,v3_y_un_Deshaz_00
Deshaz la inserción.,EDITOR_CONTROL,undo,v3_y_un_Deshaz_00
Deshaz el pegado.,EDITOR_CONTROL,undo,v3_y_un_Deshaz_00
Deshaz la sustitución.,EDITOR_CONTROL,undo,v3_y_un_Deshaz_00
Deshaz el borrado accidental.,EDITOR_CONTROL,undo,v3_y_un_Deshaz_00
Deshaz el cambio de estilo.,EDITOR_CONTROL,undo,v3_y_un_Deshaz_00
Revierte el formato aplicado.,EDITOR_CONTROL,undo,v3_y_un_Revierte_00
Revierte la inserción.,EDITOR_CONTROL,undo,v3_y_un_Revierte_00
Revierte el pegado.,EDITOR_CONTROL,undo,v3_y_un_Revierte_00
Revierte la sustitución.,EDITOR_CONTROL,undo,v3_y_un_Revierte_00
Revierte el borrado accidental.,EDITOR_CONTROL,undo,v3_y_un_Revierte_00
Revierte el cambio de estilo.,EDITOR_CONTROL,undo,v3_y_un_Revierte_00
Anula el formato aplicado.,EDITOR_CONTROL,undo,v3_y_un_Anula_00
Anula la inserción.,EDITOR_CONTROL,undo,v3_y_un_Anula_00
Anula el pegado.,EDITOR_CONTROL,undo,v3_y_un_Anula_00
Anula la sustitución.,EDITOR_CONTROL,undo,v3_y_un_Anula_00
Anula el borrado accidental.,EDITOR_CONTROL,undo,v3_y_un_Anula_00
Anula el cambio de estilo.,EDITOR_CONTROL,undo,v3_y_un_Anula_00
Está lloviendo otra vez.,NON_CONTROL,conversacion,v3_n_cot_00_00
Qué calor hace hoy.,NON_CONTROL,conversacion,v3_n_cot_00_00
El tráfico está imposible.,NON_CONTROL,conversacion,v3_n_cot_00_00
Se fue la luz un rato.,NON_CONTROL,conversacion,v3_n_cot_00_00
Ya casi es quincena.,NON_CONTROL,conversacion,v3_n_cot_00_00
El lunes es festivo.,NON_CONTROL,conversacion,v3_n_cot_00_00
Hace frío esta mañana.,NON_CONTROL,conversacion,v3_n_cot_00_01
El metro va llenísimo.,NON_CONTROL,conversacion,v3_n_cot_00_01
Qué largo estuvo el día.,NON_CONTROL,conversacion,v3_n_cot_00_01
Por fin es viernes.,NON_CONTROL,conversacion,v3_n_cot_00_01
Compré pan dulce.,NON_CONTROL,conversacion,v3_n_cot_01_00
Se acabó el café.,NON_CONTROL,conversacion,v3_n_cot_01_00
Hay pozole el domingo.,NON_CONTROL,conversacion,v3_n_cot_01_00
La salsa quedó picosa.,NON_CONTROL,conversacion,v3_n_cot_01_00
El pastel es de tres leches.,NON_CONTROL,conversacion,v3_n_cot_01_00
Cenamos tacos al pastor.,NON_CONTROL,conversacion,v3_n_cot_01_00
El caldo está caliente.,NON_CONTROL,conversacion,v3_n_cot_01_01
Faltan tortillas.,NON_CONTROL,conversacion,v3_n_cot_01_01
El postre es flan.,NON_CONTROL,conversacion,v3_n_cot_01_01
Qué rico huele.,NON_CONTROL,conversacion,v3_n_cot_01_01
Mi mamá llamó ayer.,NON_CONTROL,conversacion,v3_n_cot_02_00
El bebé ya camina.,NON_CONTROL,conversacion,v3_n_cot_02_00
Mi hermano se casa en junio.,NON_CONTROL,conversacion,v3_n_cot_02_00
La abuela cumplió noventa.,NON_CONTROL,conversacion,v3_n_cot_02_00
El primo vive en Monterrey.,NON_CONTROL,conversacion,v3_n_cot_02_00
Mi tía cocina delicioso.,NON_CONTROL,conversacion,v3_n_cot_02_00
El sobrino perdió un diente.,NON_CONTROL,conversacion,v3_n_cot_02_01
La familia se reúne en diciembre.,NON_CONTROL,conversacion,v3_n_cot_02_01
Mi papá arregló el coche.,NON_CONTROL,conversacion,v3_n_cot_02_01
La prima estudia medicina.,NON_CONTROL,conversacion,v3_n_cot_02_01
Ganó el América.,NON_CONTROL,conversacion,v3_n_cot_03_00
El partido quedó empatado.,NON_CONTROL,conversacion,v3_n_cot_03_00
Hubo remontada histórica.,NON_CONTROL,conversacion,v3_n_cot_03_00
El clásico es el domingo.,NON_CONTROL,conversacion,v3_n_cot_03_00
Nuestro equipo va de líder.,NON_CONTROL,conversacion,v3_n_cot_03_00
El penal fue dudoso.,NON_CONTROL,conversacion,v3_n_cot_03_00
La final será en diciembre.,NON_CONTROL,conversacion,v3_n_cot_03_01
El portero atajó todo.,NON_CONTROL,conversacion,v3_n_cot_03_01
Qué golazo metió.,NON_CONTROL,conversacion,v3_n_cot_03_01
El árbitro pitó el final.,NON_CONTROL,conversacion,v3_n_cot_03_01
Hay que barrer el patio.,NON_CONTROL,conversacion,v3_n_cot_04_00
Toca lavar los trastes.,NON_CONTROL,conversacion,v3_n_cot_04_00
El baño necesita limpieza.,NON_CONTROL,conversacion,v3_n_cot_04_00
Dobla tu ropa.,NON_CONTROL,conversacion,v3_n_cot_04_00
Tiende la cama.,NON_CONTROL,conversacion,v3_n_cot_04_00
Riega las macetas.,NON_CONTROL,conversacion,v3_n_cot_04_00
Saca al perro.,NON_CONTROL,conversacion,v3_n_cot_04_01
Trapea la cocina.,NON_CONTROL,conversacion,v3_n_cot_04_01
Limpia los vidrios.,NON_CONTROL,conversacion,v3_n_cot_04_01
Ordena tu cuarto.,NON_CONTROL,conversacion,v3_n_cot_04_01
El examen es mañana.,NON_CONTROL,conversacion,v3_n_cot_05_00
La tarea es para el viernes.,NON_CONTROL,conversacion,v3_n_cot_05_00
Hay junta a las tres.,NON_CONTROL,conversacion,v3_n_cot_05_00
El curso empieza en agosto.,NON_CONTROL,conversacion,v3_n_cot_05_00
La clase se movió al salón dos.,NON_CONTROL,conversacion,v3_n_cot_05_00
El proyecto se entrega hoy.,NON_CONTROL,conversacion,v3_n_cot_05_00
Hay ensayo general.,NON_CONTROL,conversacion,v3_n_cot_05_01
El taller cuesta quinientos.,NON_CONTROL,conversacion,v3_n_cot_05_01
La beca ya salió.,NON_CONTROL,conversacion,v3_n_cot_05_01
El diplomado dura un año.,NON_CONTROL,conversacion,v3_n_cot_05_01
Cierra la ventana.,NON_CONTROL,imperative-like,v3_n_impc_00_00
Apaga el ventilador.,NON_CONTROL,imperative-like,v3_n_impc_00_00
Prende la luz del patio.,NON_CONTROL,imperative-like,v3_n_impc_00_00
Abre la puerta trasera.,NON_CONTROL,imperative-like,v3_n_impc_00_00
Baja las persianas.,NON_CONTROL,imperative-like,v3_n_impc_00_00
Sube el volumen.,NON_CONTROL,imperative-like,v3_n_impc_00_00
Baja el volumen.,NON_CONTROL,imperative-like,v3_n_impc_00_01
Apaga la tele.,NON_CONTROL,imperative-like,v3_n_impc_00_01
Prende el boiler.,NON_CONTROL,imperative-like,v3_n_impc_00_01
Cierra la llave.,NON_CONTROL,imperative-like,v3_n_impc_00_01
Cruza con cuidado.,NON_CONTROL,imperative-like,v3_n_impc_01_00
Espera el verde.,NON_CONTROL,imperative-like,v3_n_impc_01_00
Toma la ruta larga.,NON_CONTROL,imperative-like,v3_n_impc_01_00
Baja dos cuadras.,NON_CONTROL,imperative-like,v3_n_impc_01_00
Sube al puente.,NON_CONTROL,imperative-like,v3_n_impc_01_00
Evita el centro.,NON_CONTROL,imperative-like,v3_n_impc_01_00
Toma un atajo.,NON_CONTROL,imperative-like,v3_n_impc_01_01
Sigue derecho.,NON_CONTROL,imperative-like,v3_n_impc_01_01
Da vuelta aquí.,NON_CONTROL,imperative-like,v3_n_impc_01_01
Estaciónate allá.,NON_CONTROL,imperative-like,v3_n_impc_01_01
Tómate la medicina.,NON_CONTROL,imperative-like,v3_n_impc_02_00
Guarda reposo.,NON_CONTROL,imperative-like,v3_n_impc_02_00
Toma muchos líquidos.,NON_CONTROL,imperative-like,v3_n_impc_02_00
Abrígate bien.,NON_CONTROL,imperative-like,v3_n_impc_02_00
Come a tus horas.,NON_CONTROL,imperative-like,v3_n_impc_02_00
Duerme ocho horas.,NON_CONTROL,imperative-like,v3_n_impc_02_00
Camina diario.,NON_CONTROL,imperative-like,v3_n_impc_02_01
Respira profundo.,NON_CONTROL,imperative-like,v3_n_impc_02_01
Relaja los hombros.,NON_CONTROL,imperative-like,v3_n_impc_02_01
Descansa la vista.,NON_CONTROL,imperative-like,v3_n_impc_02_01
Felicita a tu hermana.,NON_CONTROL,imperative-like,v3_n_impc_03_00
Agradece el favor.,NON_CONTROL,imperative-like,v3_n_impc_03_00
Pide disculpas.,NON_CONTROL,imperative-like,v3_n_impc_03_00
Saluda al llegar.,NON_CONTROL,imperative-like,v3_n_impc_03_00
Despídete bien.,NON_CONTROL,imperative-like,v3_n_impc_03_00
Presenta a tus amigos.,NON_CONTROL,imperative-like,v3_n_impc_03_00
Invita a tus primos.,NON_CONTROL,imperative-like,v3_n_impc_03_01
Visita a los abuelos.,NON_CONTROL,imperative-like,v3_n_impc_03_01
Llama a tu mamá.,NON_CONTROL,imperative-like,v3_n_impc_03_01
Escríbele pronto.,NON_CONTROL,imperative-like,v3_n_impc_03_01
No llegues tarde.,NON_CONTROL,imperative-like,v3_n_impc_04_00
No olvides las llaves.,NON_CONTROL,imperative-like,v3_n_impc_04_00
No dejes la estufa prendida.,NON_CONTROL,imperative-like,v3_n_impc_04_00
No hables con extraños.,NON_CONTROL,imperative-like,v3_n_impc_04_00
No cruces en rojo.,NON_CONTROL,imperative-like,v3_n_impc_04_00
No tires basura.,NON_CONTROL,imperative-like,v3_n_impc_04_00
No desperdicies agua.,NON_CONTROL,imperative-like,v3_n_impc_04_01
No dejes luces prendidas.,NON_CONTROL,imperative-like,v3_n_impc_04_01
No ronques tan fuerte.,NON_CONTROL,imperative-like,v3_n_impc_04_01
No te desveles hoy.,NON_CONTROL,imperative-like,v3_n_impc_04_01
Cuida a tu hermanito.,NON_CONTROL,imperative-like,v3_n_impc_05_00
Alimenta al gato.,NON_CONTROL,imperative-like,v3_n_impc_05_00
Pasea al perro.,NON_CONTROL,imperative-like,v3_n_impc_05_00
Riega el jardín.,NON_CONTROL,imperative-like,v3_n_impc_05_00
Podas las rosas.,NON_CONTROL,imperative-like,v3_n_impc_05_00
Limpia la pecera.,NON_CONTROL,imperative-like,v3_n_impc_05_00
Cepilla al conejo.,NON_CONTROL,imperative-like,v3_n_impc_05_01
Dale agua a las plantas.,NON_CONTROL,imperative-like,v3_n_impc_05_01
Recoge las hojas.,NON_CONTROL,imperative-like,v3_n_impc_05_01
Guarda la bicicleta.,NON_CONTROL,imperative-like,v3_n_impc_05_01
El censo contó millones de viviendas.,NON_CONTROL,general,v3_d_news_00
La sequía afectó tres estados.,NON_CONTROL,general,v3_d_news_00
El sismo se sintió en la capital.,NON_CONTROL,general,v3_d_news_00
La cosecha superó lo esperado.,NON_CONTROL,general,v3_d_news_00
El eclipse será visible al norte.,NON_CONTROL,general,v3_d_news_00
La vacuna llegó a las clínicas.,NON_CONTROL,general,v3_d_news_00
El censo será en marzo próximo.,NON_CONTROL,general,v3_d_news_01
La tormenta derribó varios árboles.,NON_CONTROL,general,v3_d_news_01
El rescate duró toda la noche.,NON_CONTROL,general,v3_d_news_01
La campaña vacunó a miles.,NON_CONTROL,general,v3_d_news_01
El incendio consumió dos hectáreas.,NON_CONTROL,general,v3_d_news_01
El desfile reunió multitudes.,NON_CONTROL,general,v3_d_news_01
La obra durará dieciocho meses.,NON_CONTROL,general,v3_d_news_02
El túnel conecta dos valles.,NON_CONTROL,general,v3_d_news_02
La presa alcanzó su nivel máximo.,NON_CONTROL,general,v3_d_news_02
El puerto recibe cruceros.,NON_CONTROL,general,v3_d_news_02
El aeropuerto estrenó terminal.,NON_CONTROL,general,v3_d_news_02
La carretera quedó bloqueada.,NON_CONTROL,general,v3_d_news_02
El volcán registra actividad leve.,NON_CONTROL,general,v3_d_news_03
El río creció con las lluvias.,NON_CONTROL,general,v3_d_news_03
Guardar agua en tinacos previene escasez.,NON_CONTROL,hard-mixto,v3_d_hard_news_00
Abrir segundos frentes divide recursos.,NON_CONTROL,hard-mixto,v3_d_hard_news_00
Imprimir boletas electorales exige seguridad.,NON_CONTROL,hard-mixto,v3_d_hard_news_00
Buscar agua subterránea requiere estudios.,NON_CONTROL,hard-mixto,v3_d_hard_news_00
Copiar recetas antiguas preserva sabores.,NON_CONTROL,hard-mixto,v3_d_hard_news_00
Pegar carteles anima las calles.,NON_CONTROL,hard-mixto,v3_d_hard_news_00
Leer mapas topográficos orienta excursiones.,NON_CONTROL,hard-mixto,v3_d_hard_news_01
Exportar aguacate genera divisas.,NON_CONTROL,hard-mixto,v3_d_hard_news_01
Seleccionar jueces independientes fortalece la corte.,NON_CONTROL,hard-mixto,v3_d_hard_news_01
Borrar deudas viejas alivia finanzas.,NON_CONTROL,hard-mixto,v3_d_hard_news_01
Cambiar focos públicos ahorra millones.,NON_CONTROL,hard-mixto,v3_d_hard_news_01
Poner topes reduce accidentes.,NON_CONTROL,hard-mixto,v3_d_hard_news_01
Deshacer entuertos antiguos dignifica.,NON_CONTROL,hard-mixto,v3_d_hard_news_02
Rehacer vialidades tarda sexenios.,NON_CONTROL,hard-mixto,v3_d_hard_news_02
El observatorio sesiona cada quince días.,NON_CONTROL,general,v3_d_org_a_00
El observatorio publicó su informe anual.,NON_CONTROL,general,v3_d_org_a_00
El observatorio renovó su directiva.,NON_CONTROL,general,v3_d_org_a_00
El observatorio organizó una colecta.,NON_CONTROL,general,v3_d_org_a_00
El observatorio repartió despensas.,NON_CONTROL,general,v3_d_org_a_00
El taller literario sesiona cada quince días.,NON_CONTROL,general,v3_d_org_a_00
El taller literario publicó su informe anual.,NON_CONTROL,general,v3_d_org_a_01
El taller literario renovó su directiva.,NON_CONTROL,general,v3_d_org_a_01
El taller literario organizó una colecta.,NON_CONTROL,general,v3_d_org_a_01
El taller literario repartió despensas.,NON_CONTROL,general,v3_d_org_a_01
La mesa de diálogo sesiona cada quince días.,NON_CONTROL,general,v3_d_org_a_01
La mesa de diálogo publicó su informe anual.,NON_CONTROL,general,v3_d_org_a_01
La mesa de diálogo renovó su directiva.,NON_CONTROL,general,v3_d_org_a_02
La mesa de diálogo organizó una colecta.,NON_CONTROL,general,v3_d_org_a_02
La mesa de diálogo repartió despensas.,NON_CONTROL,general,v3_d_org_a_02
El coro mixto sesiona cada quince días.,NON_CONTROL,general,v3_d_org_a_02
El coro mixto publicó su informe anual.,NON_CONTROL,general,v3_d_org_a_02
El coro mixto renovó su directiva.,NON_CONTROL,general,v3_d_org_a_02
El coro mixto organizó una colecta.,NON_CONTROL,general,v3_d_org_a_03
El coro mixto repartió despensas.,NON_CONTROL,general,v3_d_org_a_03
La brigada sesiona cada quince días.,NON_CONTROL,general,v3_d_org_a_03
La brigada publicó su informe anual.,NON_CONTROL,general,v3_d_org_a_03
La brigada renovó su directiva.,NON_CONTROL,general,v3_d_org_a_03
La brigada organizó una colecta.,NON_CONTROL,general,v3_d_org_a_03
La brigada repartió despensas.,NON_CONTROL,general,v3_d_org_a_04
El colectivo sesiona cada quince días.,NON_CONTROL,general,v3_d_org_a_04
El colectivo publicó su informe anual.,NON_CONTROL,general,v3_d_org_a_04
El colectivo renovó su directiva.,NON_CONTROL,general,v3_d_org_a_04
El colectivo organizó una colecta.,NON_CONTROL,general,v3_d_org_a_04
El colectivo repartió despensas.,NON_CONTROL,general,v3_d_org_a_04
La asamblea vecinal sesiona cada quince días.,NON_CONTROL,general,v3_d_org_a_05
La asamblea vecinal publicó su informe anual.,NON_CONTROL,general,v3_d_org_a_05
La asamblea vecinal renovó su directiva.,NON_CONTROL,general,v3_d_org_a_05
La asamblea vecinal organizó una colecta.,NON_CONTROL,general,v3_d_org_a_05
La asamblea vecinal repartió despensas.,NON_CONTROL,general,v3_d_org_a_05
El patronato sesiona cada quince días.,NON_CONTROL,general,v3_d_org_a_05
El patronato publicó su informe anual.,NON_CONTROL,general,v3_d_org_a_06
El patronato renovó su directiva.,NON_CONTROL,general,v3_d_org_a_06
El patronato organizó una colecta.,NON_CONTROL,general,v3_d_org_a_06
El patronato repartió despensas.,NON_CONTROL,general,v3_d_org_a_06
La fundación sesiona cada quince días.,NON_CONTROL,general,v3_d_org_a_06
La fundación publicó su informe anual.,NON_CONTROL,general,v3_d_org_a_06
La fundación renovó su directiva.,NON_CONTROL,general,v3_d_org_a_07
La fundación organizó una colecta.,NON_CONTROL,general,v3_d_org_a_07
La fundación repartió despensas.,NON_CONTROL,general,v3_d_org_a_07
El fideicomiso sesiona cada quince días.,NON_CONTROL,general,v3_d_org_a_07
El fideicomiso publicó su informe anual.,NON_CONTROL,general,v3_d_org_a_07
El fideicomiso renovó su directiva.,NON_CONTROL,general,v3_d_org_a_07
El fideicomiso organizó una colecta.,NON_CONTROL,general,v3_d_org_a_08
El fideicomiso repartió despensas.,NON_CONTROL,general,v3_d_org_a_08
La cooperativa sesiona cada quince días.,NON_CONTROL,general,v3_d_org_a_08
La cooperativa publicó su informe anual.,NON_CONTROL,general,v3_d_org_a_08
La cooperativa renovó su directiva.,NON_CONTROL,general,v3_d_org_a_08
La cooperativa organizó una colecta.,NON_CONTROL,general,v3_d_org_a_08
La cooperativa repartió despensas.,NON_CONTROL,general,v3_d_org_a_09
El sindicato sesiona cada quince días.,NON_CONTROL,general,v3_d_org_a_09
El sindicato publicó su informe anual.,NON_CONTROL,general,v3_d_org_a_09
El sindicato renovó su directiva.,NON_CONTROL,general,v3_d_org_a_09
El sindicato organizó una colecta.,NON_CONTROL,general,v3_d_org_a_09
El sindicato repartió despensas.,NON_CONTROL,general,v3_d_org_a_09
El observatorio pintó la fachada.,NON_CONTROL,general,v3_d_org_b_00
El observatorio sembró árboles nativos.,NON_CONTROL,general,v3_d_org_b_00
El observatorio limpió el canal.,NON_CONTROL,general,v3_d_org_b_00
El observatorio abrió un comedor.,NON_CONTROL,general,v3_d_org_b_00
El observatorio becó a diez jóvenes.,NON_CONTROL,general,v3_d_org_b_00
El observatorio editó una memoria.,NON_CONTROL,general,v3_d_org_b_00
El observatorio cumplió veinte años.,NON_CONTROL,general,v3_d_org_b_01
El taller literario pintó la fachada.,NON_CONTROL,general,v3_d_org_b_01
El taller literario sembró árboles nativos.,NON_CONTROL,general,v3_d_org_b_01
El taller literario limpió el canal.,NON_CONTROL,general,v3_d_org_b_01
El taller literario abrió un comedor.,NON_CONTROL,general,v3_d_org_b_01
El taller literario becó a diez jóvenes.,NON_CONTROL,general,v3_d_org_b_01
El taller literario editó una memoria.,NON_CONTROL,general,v3_d_org_b_02
El taller literario cumplió veinte años.,NON_CONTROL,general,v3_d_org_b_02
La mesa de diálogo pintó la fachada.,NON_CONTROL,general,v3_d_org_b_02
La mesa de diálogo sembró árboles nativos.,NON_CONTROL,general,v3_d_org_b_02
La mesa de diálogo limpió el canal.,NON_CONTROL,general,v3_d_org_b_02
La mesa de diálogo abrió un comedor.,NON_CONTROL,general,v3_d_org_b_02
La mesa de diálogo becó a diez jóvenes.,NON_CONTROL,general,v3_d_org_b_03
La mesa de diálogo editó una memoria.,NON_CONTROL,general,v3_d_org_b_03
La mesa de diálogo cumplió veinte años.,NON_CONTROL,general,v3_d_org_b_03
El coro mixto pintó la fachada.,NON_CONTROL,general,v3_d_org_b_03
El coro mixto sembró árboles nativos.,NON_CONTROL,general,v3_d_org_b_03
El coro mixto limpió el canal.,NON_CONTROL,general,v3_d_org_b_03
El coro mixto abrió un comedor.,NON_CONTROL,general,v3_d_org_b_04
El coro mixto becó a diez jóvenes.,NON_CONTROL,general,v3_d_org_b_04
El coro mixto editó una memoria.,NON_CONTROL,general,v3_d_org_b_04
El coro mixto cumplió veinte años.,NON_CONTROL,general,v3_d_org_b_04
La brigada pintó la fachada.,NON_CONTROL,general,v3_d_org_b_04
La brigada sembró árboles nativos.,NON_CONTROL,general,v3_d_org_b_04
La brigada limpió el canal.,NON_CONTROL,general,v3_d_org_b_05
La brigada abrió un comedor.,NON_CONTROL,general,v3_d_org_b_05
La brigada becó a diez jóvenes.,NON_CONTROL,general,v3_d_org_b_05
La brigada editó una memoria.,NON_CONTROL,general,v3_d_org_b_05
La brigada cumplió veinte años.,NON_CONTROL,general,v3_d_org_b_05
El colectivo pintó la fachada.,NON_CONTROL,general,v3_d_org_b_05
El colectivo sembró árboles nativos.,NON_CONTROL,general,v3_d_org_b_06
El colectivo limpió el canal.,NON_CONTROL,general,v3_d_org_b_06
El colectivo abrió un comedor.,NON_CONTROL,general,v3_d_org_b_06
El colectivo becó a diez jóvenes.,NON_CONTROL,general,v3_d_org_b_06
El colectivo editó una memoria.,NON_CONTROL,general,v3_d_org_b_06
El colectivo cumplió veinte años.,NON_CONTROL,general,v3_d_org_b_06
La asamblea vecinal pintó la fachada.,NON_CONTROL,general,v3_d_org_b_07
La asamblea vecinal sembró árboles nativos.,NON_CONTROL,general,v3_d_org_b_07
La asamblea vecinal limpió el canal.,NON_CONTROL,general,v3_d_org_b_07
La asamblea vecinal abrió un comedor.,NON_CONTROL,general,v3_d_org_b_07
La asamblea vecinal becó a diez jóvenes.,NON_CONTROL,general,v3_d_org_b_07
La asamblea vecinal editó una memoria.,NON_CONTROL,general,v3_d_org_b_07
La asamblea vecinal cumplió veinte años.,NON_CONTROL,general,v3_d_org_b_08
El patronato pintó la fachada.,NON_CONTROL,general,v3_d_org_b_08
El patronato sembró árboles nativos.,NON_CONTROL,general,v3_d_org_b_08
El patronato limpió el canal.,NON_CONTROL,general,v3_d_org_b_08
El patronato abrió un comedor.,NON_CONTROL,general,v3_d_org_b_08
El patronato becó a diez jóvenes.,NON_CONTROL,general,v3_d_org_b_08
El patronato editó una memoria.,NON_CONTROL,general,v3_d_org_b_09
El patronato cumplió veinte años.,NON_CONTROL,general,v3_d_org_b_09
La fundación pintó la fachada.,NON_CONTROL,general,v3_d_org_b_09
La fundación sembró árboles nativos.,NON_CONTROL,general,v3_d_org_b_09
La fundación limpió el canal.,NON_CONTROL,general,v3_d_org_b_09
La fundación abrió un comedor.,NON_CONTROL,general,v3_d_org_b_09
La fundación becó a diez jóvenes.,NON_CONTROL,general,v3_d_org_b_10
La fundación editó una memoria.,NON_CONTROL,general,v3_d_org_b_10
La fundación cumplió veinte años.,NON_CONTROL,general,v3_d_org_b_10
El fideicomiso pintó la fachada.,NON_CONTROL,general,v3_d_org_b_10
El fideicomiso sembró árboles nativos.,NON_CONTROL,general,v3_d_org_b_10
El fideicomiso limpió el canal.,NON_CONTROL,general,v3_d_org_b_10
El fideicomiso abrió un comedor.,NON_CONTROL,general,v3_d_org_b_11
El fideicomiso becó a diez jóvenes.,NON_CONTROL,general,v3_d_org_b_11
El fideicomiso editó una memoria.,NON_CONTROL,general,v3_d_org_b_11
El fideicomiso cumplió veinte años.,NON_CONTROL,general,v3_d_org_b_11
La cooperativa pintó la fachada.,NON_CONTROL,general,v3_d_org_b_11
La cooperativa sembró árboles nativos.,NON_CONTROL,general,v3_d_org_b_11
La cooperativa limpió el canal.,NON_CONTROL,general,v3_d_org_b_12
La cooperativa abrió un comedor.,NON_CONTROL,general,v3_d_org_b_12
La cooperativa becó a diez jóvenes.,NON_CONTROL,general,v3_d_org_b_12
La cooperativa editó una memoria.,NON_CONTROL,general,v3_d_org_b_12
La cooperativa cumplió veinte años.,NON_CONTROL,general,v3_d_org_b_12
El sindicato pintó la fachada.,NON_CONTROL,general,v3_d_org_b_12
El sindicato sembró árboles nativos.,NON_CONTROL,general,v3_d_org_b_13
El sindicato limpió el canal.,NON_CONTROL,general,v3_d_org_b_13
El sindicato abrió un comedor.,NON_CONTROL,general,v3_d_org_b_13
El sindicato becó a diez jóvenes.,NON_CONTROL,general,v3_d_org_b_13
El sindicato editó una memoria.,NON_CONTROL,general,v3_d_org_b_13
El sindicato cumplió veinte años.,NON_CONTROL,general,v3_d_org_b_13
La gaceta oficial destacó la nota roja.,NON_CONTROL,general,v3_d_prensa_00
La gaceta oficial entrevistó al rector.,NON_CONTROL,general,v3_d_prensa_00
La gaceta oficial cubrió la marcha.,NON_CONTROL,general,v3_d_prensa_00
La gaceta oficial reseñó la temporada.,NON_CONTROL,general,v3_d_prensa_00
La gaceta oficial denunció el ecocidio.,NON_CONTROL,general,v3_d_prensa_00
La gaceta oficial premió la crónica.,NON_CONTROL,general,v3_d_prensa_00
El diario matutino destacó la nota roja.,NON_CONTROL,general,v3_d_prensa_01
El diario matutino entrevistó al rector.,NON_CONTROL,general,v3_d_prensa_01
El diario matutino cubrió la marcha.,NON_CONTROL,general,v3_d_prensa_01
El diario matutino reseñó la temporada.,NON_CONTROL,general,v3_d_prensa_01
El diario matutino denunció el ecocidio.,NON_CONTROL,general,v3_d_prensa_01
El diario matutino premió la crónica.,NON_CONTROL,general,v3_d_prensa_01
El semanario cultural destacó la nota roja.,NON_CONTROL,general,v3_d_prensa_02
El semanario cultural entrevistó al rector.,NON_CONTROL,general,v3_d_prensa_02
El semanario cultural cubrió la marcha.,NON_CONTROL,general,v3_d_prensa_02
El semanario cultural reseñó la temporada.,NON_CONTROL,general,v3_d_prensa_02
El semanario cultural denunció el ecocidio.,NON_CONTROL,general,v3_d_prensa_02
El semanario cultural premió la crónica.,NON_CONTROL,general,v3_d_prensa_02
La revista científica destacó la nota roja.,NON_CONTROL,general,v3_d_prensa_03
La revista científica entrevistó al rector.,NON_CONTROL,general,v3_d_prensa_03
La revista científica cubrió la marcha.,NON_CONTROL,general,v3_d_prensa_03
La revista científica reseñó la temporada.,NON_CONTROL,general,v3_d_prensa_03
La revista científica denunció el ecocidio.,NON_CONTROL,general,v3_d_prensa_03
La revista científica premió la crónica.,NON_CONTROL,general,v3_d_prensa_03
El boletín sindical destacó la nota roja.,NON_CONTROL,general,v3_d_prensa_04
El boletín sindical entrevistó al rector.,NON_CONTROL,general,v3_d_prensa_04
El boletín sindical cubrió la marcha.,NON_CONTROL,general,v3_d_prensa_04
El boletín sindical reseñó la temporada.,NON_CONTROL,general,v3_d_prensa_04
El boletín sindical denunció el ecocidio.,NON_CONTROL,general,v3_d_prensa_04
El boletín sindical premió la crónica.,NON_CONTROL,general,v3_d_prensa_04
El pasquín universitario destacó la nota roja.,NON_CONTROL,general,v3_d_prensa_05
El pasquín universitario entrevistó al rector.,NON_CONTROL,general,v3_d_prensa_05
El pasquín universitario cubrió la marcha.,NON_CONTROL,general,v3_d_prensa_05
El pasquín universitario reseñó la temporada.,NON_CONTROL,general,v3_d_prensa_05
El pasquín universitario denunció el ecocidio.,NON_CONTROL,general,v3_d_prensa_05
El pasquín universitario premió la crónica.,NON_CONTROL,general,v3_d_prensa_05
Guardar con método ahorra horas cada semana.,NON_CONTROL,hard-archivo,v3_d_hf2_guardar_00
Quien sabe guardar bien rinde el doble.,NON_CONTROL,hard-archivo,v3_d_hf2_guardar_00
Conviene guardar antes de que anochezca.,NON_CONTROL,hard-archivo,v3_d_hf2_guardar_00
Me enseñaron a guardar desde chico.,NON_CONTROL,hard-archivo,v3_d_hf2_guardar_00
Abrir con método ahorra horas cada semana.,NON_CONTROL,hard-archivo,v3_d_hf2_abrir_00
Quien sabe abrir bien rinde el doble.,NON_CONTROL,hard-archivo,v3_d_hf2_abrir_00
Conviene abrir antes de que anochezca.,NON_CONTROL,hard-archivo,v3_d_hf2_abrir_00
Me enseñaron a abrir desde chico.,NON_CONTROL,hard-archivo,v3_d_hf2_abrir_00
Imprimir con método ahorra horas cada semana.,NON_CONTROL,hard-archivo,v3_d_hf2_imprimir_00
Quien sabe imprimir bien rinde el doble.,NON_CONTROL,hard-archivo,v3_d_hf2_imprimir_00
Conviene imprimir antes de que anochezca.,NON_CONTROL,hard-archivo,v3_d_hf2_imprimir_00
Me enseñaron a imprimir desde chico.,NON_CONTROL,hard-archivo,v3_d_hf2_imprimir_00
Buscar con método ahorra horas cada semana.,NON_CONTROL,hard-archivo,v3_d_hf2_buscar_00
Quien sabe buscar bien rinde el doble.,NON_CONTROL,hard-archivo,v3_d_hf2_buscar_00
Conviene buscar antes de que anochezca.,NON_CONTROL,hard-archivo,v3_d_hf2_buscar_00
Me enseñaron a buscar desde chico.,NON_CONTROL,hard-archivo,v3_d_hf2_buscar_00
Firmar con método ahorra horas cada semana.,NON_CONTROL,hard-archivo,v3_d_hf2_firmar_00
Quien sabe firmar bien rinde el doble.,NON_CONTROL,hard-archivo,v3_d_hf2_firmar_00
Conviene firmar antes de que anochezca.,NON_CONTROL,hard-archivo,v3_d_hf2_firmar_00
Me enseñaron a firmar desde chico.,NON_CONTROL,hard-archivo,v3_d_hf2_firmar_00
Archivar con método ahorra horas cada semana.,NON_CONTROL,hard-archivo,v3_d_hf2_archivar_00
Quien sabe archivar bien rinde el doble.,NON_CONTROL,hard-archivo,v3_d_hf2_archivar_00
Conviene archivar antes de que anochezca.,NON_CONTROL,hard-archivo,v3_d_hf2_archivar_00
Me enseñaron a archivar desde chico.,NON_CONTROL,hard-archivo,v3_d_hf2_archivar_00
Ordenar con método ahorra horas cada semana.,NON_CONTROL,hard-archivo,v3_d_hf2_ordenar_00
Quien sabe ordenar bien rinde el doble.,NON_CONTROL,hard-archivo,v3_d_hf2_ordenar_00
Conviene ordenar antes de que anochezca.,NON_CONTROL,hard-archivo,v3_d_hf2_ordenar_00
Me enseñaron a ordenar desde chico.,NON_CONTROL,hard-archivo,v3_d_hf2_ordenar_00
Clasificar con método ahorra horas cada semana.,NON_CONTROL,hard-archivo,v3_d_hf2_clasificar_00
Quien sabe clasificar bien rinde el doble.,NON_CONTROL,hard-archivo,v3_d_hf2_clasificar_00
Conviene clasificar antes de que anochezca.,NON_CONTROL,hard-archivo,v3_d_hf2_clasificar_00
Me enseñaron a clasificar desde chico.,NON_CONTROL,hard-archivo,v3_d_hf2_clasificar_00
Mover con cuidado evita accidentes.,NON_CONTROL,hard-infinitivo,v3_d_hi2_mover_00
Hay que mover sin prisas.,NON_CONTROL,hard-infinitivo,v3_d_hi2_mover_00
Dicen que mover de a poco sale mejor.,NON_CONTROL,hard-infinitivo,v3_d_hi2_mover_00
Conviene mover solo si hace falta.,NON_CONTROL,hard-infinitivo,v3_d_hi2_mover_00
Quitar con cuidado evita accidentes.,NON_CONTROL,hard-infinitivo,v3_d_hi2_quitar_00
Hay que quitar sin prisas.,NON_CONTROL,hard-infinitivo,v3_d_hi2_quitar_00
Dicen que quitar de a poco sale mejor.,NON_CONTROL,hard-infinitivo,v3_d_hi2_quitar_00
Conviene quitar solo si hace falta.,NON_CONTROL,hard-infinitivo,v3_d_hi2_quitar_00
Poner con cuidado evita accidentes.,NON_CONTROL,hard-infinitivo,v3_d_hi2_poner_00
Hay que poner sin prisas.,NON_CONTROL,hard-infinitivo,v3_d_hi2_poner_00
Dicen que poner de a poco sale mejor.,NON_CONTROL,hard-infinitivo,v3_d_hi2_poner_00
Conviene poner solo si hace falta.,NON_CONTROL,hard-infinitivo,v3_d_hi2_poner_00
Sacar con cuidado evita accidentes.,NON_CONTROL,hard-infinitivo,v3_d_hi2_sacar_00
Hay que sacar sin prisas.,NON_CONTROL,hard-infinitivo,v3_d_hi2_sacar_00
Dicen que sacar de a poco sale mejor.,NON_CONTROL,hard-infinitivo,v3_d_hi2_sacar_00
Conviene sacar solo si hace falta.,NON_CONTROL,hard-infinitivo,v3_d_hi2_sacar_00
Meter con cuidado evita accidentes.,NON_CONTROL,hard-infinitivo,v3_d_hi2_meter_00
Hay que meter sin prisas.,NON_CONTROL,hard-infinitivo,v3_d_hi2_meter_00
Dicen que meter de a poco sale mejor.,NON_CONTROL,hard-infinitivo,v3_d_hi2_meter_00
Conviene meter solo si hace falta.,NON_CONTROL,hard-infinitivo,v3_d_hi2_meter_00
Subir con cuidado evita accidentes.,NON_CONTROL,hard-infinitivo,v3_d_hi2_subir_00
Hay que subir sin prisas.,NON_CONTROL,hard-infinitivo,v3_d_hi2_subir_00
Dicen que subir de a poco sale mejor.,NON_CONTROL,hard-infinitivo,v3_d_hi2_subir_00
Conviene subir solo si hace falta.,NON_CONTROL,hard-infinitivo,v3_d_hi2_subir_00
Bajar con cuidado evita accidentes.,NON_CONTROL,hard-infinitivo,v3_d_hi2_bajar_00
Hay que bajar sin prisas.,NON_CONTROL,hard-infinitivo,v3_d_hi2_bajar_00
Dicen que bajar de a poco sale mejor.,NON_CONTROL,hard-infinitivo,v3_d_hi2_bajar_00
Conviene bajar solo si hace falta.,NON_CONTROL,hard-infinitivo,v3_d_hi2_bajar_00
Cruzar con cuidado evita accidentes.,NON_CONTROL,hard-infinitivo,v3_d_hi2_cruzar_00
Hay que cruzar sin prisas.,NON_CONTROL,hard-infinitivo,v3_d_hi2_cruzar_00
Dicen que cruzar de a poco sale mejor.,NON_CONTROL,hard-infinitivo,v3_d_hi2_cruzar_00
Conviene cruzar solo si hace falta.,NON_CONTROL,hard-infinitivo,v3_d_hi2_cruzar_00
"El lema reza ""trabajo y constancia"".",NON_CONTROL,hard-cita,v3_d_cita3_00
"La lápida dice ""siempre en lucha"".",NON_CONTROL,hard-cita,v3_d_cita3_00
"El grafiti grita ""ni perdón ni olvido"".",NON_CONTROL,hard-cita,v3_d_cita3_00
"La manta exige ""agua para todos"".",NON_CONTROL,hard-cita,v3_d_cita3_00
"El volante anuncia ""gran kermés"".",NON_CONTROL,hard-cita,v3_d_cita3_00
"La convocatoria llama ""a defender el barrio"".",NON_CONTROL,hard-cita,v3_d_cita3_00
"El himno canta ""victoria o muerte"".",NON_CONTROL,hard-cita,v3_d_cita3_01
"El pregón ofrece ""tamales oaxaqueños"".",NON_CONTROL,hard-cita,v3_d_cita3_01
El prefijo re- indica repetición.,NON_CONTROL,hard-metalenguaje,v3_d_meta3_00
El sufijo -ero denota oficio.,NON_CONTROL,hard-metalenguaje,v3_d_meta3_00
Guardar es verbo irregular en su uso pronominal.,NON_CONTROL,hard-metalenguaje,v3_d_meta3_00
Abrir rige la preposición a veces.,NON_CONTROL,hard-metalenguaje,v3_d_meta3_00
El participio impreso alterna con imprimido.,NON_CONTROL,hard-metalenguaje,v3_d_meta3_00
Buscar se conjuga regularmente.,NON_CONTROL,hard-metalenguaje,v3_d_meta3_00
El gerundio copiando exige tilde.,NON_CONTROL,hard-metalenguaje,v3_d_meta3_01
Pegar como verbo admite varios sentidos.,NON_CONTROL,hard-metalenguaje,v3_d_meta3_01
Ya merito.,NON_CONTROL,conversacion,v3_n_cot2_00_00
Ya casi queda.,NON_CONTROL,conversacion,v3_n_cot2_00_00
En eso ando.,NON_CONTROL,conversacion,v3_n_cot2_00_00
Ahorita te digo.,NON_CONTROL,conversacion,v3_n_cot2_00_00
Aguanta vara.,NON_CONTROL,conversacion,v3_n_cot2_00_00
No te awites.,NON_CONTROL,conversacion,v3_n_cot2_00_00
Échale ganas.,NON_CONTROL,conversacion,v3_n_cot2_00_01
Tú puedes.,NON_CONTROL,conversacion,v3_n_cot2_00_01
"Ánimo, campeón.",NON_CONTROL,conversacion,v3_n_cot2_00_01
Vas muy bien.,NON_CONTROL,conversacion,v3_n_cot2_00_01
Qué onda.,NON_CONTROL,conversacion,v3_n_cot2_01_00
Cómo andas.,NON_CONTROL,conversacion,v3_n_cot2_01_00
Cuánto tiempo.,NON_CONTROL,conversacion,v3_n_cot2_01_00
Qué milagro.,NON_CONTROL,conversacion,v3_n_cot2_01_00
Pásale.,NON_CONTROL,conversacion,v3_n_cot2_01_00
Siéntete en casa.,NON_CONTROL,conversacion,v3_n_cot2_01_00
La casa invita.,NON_CONTROL,conversacion,v3_n_cot2_01_01
Sírvete algo.,NON_CONTROL,conversacion,v3_n_cot2_01_01
Ponte cómodo.,NON_CONTROL,conversacion,v3_n_cot2_01_01
Bienvenido seas.,NON_CONTROL,conversacion,v3_n_cot2_01_01
Con permiso.,NON_CONTROL,conversacion,v3_n_cot2_02_00
Disculpe usted.,NON_CONTROL,conversacion,v3_n_cot2_02_00
Perdón por llegar tarde.,NON_CONTROL,conversacion,v3_n_cot2_02_00
Gracias por todo.,NON_CONTROL,conversacion,v3_n_cot2_02_00
Muy amable.,NON_CONTROL,conversacion,v3_n_cot2_02_00
Qué detallazo.,NON_CONTROL,conversacion,v3_n_cot2_02_00
Te debo una.,NON_CONTROL,conversacion,v3_n_cot2_02_01
Estamos en contacto.,NON_CONTROL,conversacion,v3_n_cot2_02_01
Nos escribimos.,NON_CONTROL,conversacion,v3_n_cot2_02_01
Salúdame a todos.,NON_CONTROL,conversacion,v3_n_cot2_02_01
Ya es tarde.,NON_CONTROL,conversacion,v3_n_cot2_03_00
Se hizo de noche.,NON_CONTROL,conversacion,v3_n_cot2_03_00
Amaneció nublado.,NON_CONTROL,conversacion,v3_n_cot2_03_00
Atardeció hermoso.,NON_CONTROL,conversacion,v3_n_cot2_03_00
Cayó granizo.,NON_CONTROL,conversacion,v3_n_cot2_03_00
Escampó al fin.,NON_CONTROL,conversacion,v3_n_cot2_03_00
Refrescó bastante.,NON_CONTROL,conversacion,v3_n_cot2_03_01
Caló fuerte el sol.,NON_CONTROL,conversacion,v3_n_cot2_03_01
Llovizna apenas.,NON_CONTROL,conversacion,v3_n_cot2_03_01
Granizó en el norte.,NON_CONTROL,conversacion,v3_n_cot2_03_01
Tiende la ropa.,NON_CONTROL,imperative-like,v3_n_impc2_00_00
Dobla las sábanas.,NON_CONTROL,imperative-like,v3_n_impc2_00_00
Sacude los tapetes.,NON_CONTROL,imperative-like,v3_n_impc2_00_00
Lava el baño.,NON_CONTROL,imperative-like,v3_n_impc2_00_00
Trapea bien.,NON_CONTROL,imperative-like,v3_n_impc2_00_00
Enciende el boiler.,NON_CONTROL,imperative-like,v3_n_impc2_00_00
Apaga las luces.,NON_CONTROL,imperative-like,v3_n_impc2_00_01
Desconecta la plancha.,NON_CONTROL,imperative-like,v3_n_impc2_00_01
Guarda los trastes.,NON_CONTROL,imperative-like,v3_n_impc2_00_01
Barre debajo de la cama.,NON_CONTROL,imperative-like,v3_n_impc2_00_01
Paga la luz.,NON_CONTROL,imperative-like,v3_n_impc2_01_00
Deposita la renta.,NON_CONTROL,imperative-like,v3_n_impc2_01_00
Retira efectivo.,NON_CONTROL,imperative-like,v3_n_impc2_01_00
Checa tu saldo.,NON_CONTROL,imperative-like,v3_n_impc2_01_00
Ahorra cada mes.,NON_CONTROL,imperative-like,v3_n_impc2_01_00
Aparta para emergencias.,NON_CONTROL,imperative-like,v3_n_impc2_01_00
Paga puntual.,NON_CONTROL,imperative-like,v3_n_impc2_01_01
Evita deudas.,NON_CONTROL,imperative-like,v3_n_impc2_01_01
Compara precios.,NON_CONTROL,imperative-like,v3_n_impc2_01_01
Pide factura.,NON_CONTROL,imperative-like,v3_n_impc2_01_01
Estudia diario.,NON_CONTROL,imperative-like,v3_n_impc2_02_00
Repasa apuntes.,NON_CONTROL,imperative-like,v3_n_impc2_02_00
Haz resúmenes.,NON_CONTROL,imperative-like,v3_n_impc2_02_00
Subraya ideas.,NON_CONTROL,imperative-like,v3_n_impc2_02_00
Pregunta dudas.,NON_CONTROL,imperative-like,v3_n_impc2_02_00
Entrega a tiempo.,NON_CONTROL,imperative-like,v3_n_impc2_02_00
Asiste siempre.,NON_CONTROL,imperative-like,v3_n_impc2_02_01
Participa en clase.,NON_CONTROL,imperative-like,v3_n_impc2_02_01
Lee el capítulo.,NON_CONTROL,imperative-like,v3_n_impc2_02_01
Memoriza fechas.,NON_CONTROL,imperative-like,v3_n_impc2_02_01
Come verduras.,NON_CONTROL,imperative-like,v3_n_impc2_03_00
Toma agua.,NON_CONTROL,imperative-like,v3_n_impc2_03_00
Duerme temprano.,NON_CONTROL,imperative-like,v3_n_impc2_03_00
Haz ejercicio.,NON_CONTROL,imperative-like,v3_n_impc2_03_00
Evita refrescos.,NON_CONTROL,imperative-like,v3_n_impc2_03_00
Desayuna bien.,NON_CONTROL,imperative-like,v3_n_impc2_03_01
Cena ligero.,NON_CONTROL,imperative-like,v3_n_impc2_03_01
Lávate las manos.,NON_CONTROL,imperative-like,v3_n_impc2_03_01
Abrígate hoy.,NON_CONTROL,imperative-like,v3_n_impc2_03_01
Cierra este documento.,EDITOR_CONTROL,close,n4_close_documento_00
Cierra este documento por favor.,EDITOR_CONTROL,close,n4_close_documento_00
Ya puedes cerrar este documento.,EDITOR_CONTROL,close,n4_close_documento_00
Necesito que cierres este documento.,EDITOR_CONTROL,close,n4_close_documento_00
Cierra la ventana por favor.,EDITOR_CONTROL,close,n4_close_ventana_00
Ya puedes cerrar la ventana.,EDITOR_CONTROL,close,n4_close_ventana_00
Necesito que cierres la ventana.,EDITOR_CONTROL,close,n4_close_ventana_00
Cierra todas las pestañas.,EDITOR_CONTROL,close,n4_close_pestañas_00
Cierra todas las pestañas por favor.,EDITOR_CONTROL,close,n4_close_pestañas_00
Ya puedes cerrar todas las pestañas.,EDITOR_CONTROL,close,n4_close_pestañas_00
Necesito que cierres todas las pestañas.,EDITOR_CONTROL,close,n4_close_pestañas_00
Cierra el archivo.,EDITOR_CONTROL,close,n4_close_archivo_00
Cierra el archivo por favor.,EDITOR_CONTROL,close,n4_close_archivo_00
Ya puedes cerrar el archivo.,EDITOR_CONTROL,close,n4_close_archivo_00
Necesito que cierres el archivo.,EDITOR_CONTROL,close,n4_close_archivo_00
Cierra el panel lateral.,EDITOR_CONTROL,close,n4_close_lateral_00
Cierra el panel lateral por favor.,EDITOR_CONTROL,close,n4_close_lateral_00
Ya puedes cerrar el panel lateral.,EDITOR_CONTROL,close,n4_close_lateral_00
Necesito que cierres el panel lateral.,EDITOR_CONTROL,close,n4_close_lateral_00
Cierra la vista previa.,EDITOR_CONTROL,close,n4_close_previa_00
Cierra la vista previa por favor.,EDITOR_CONTROL,close,n4_close_previa_00
Ya puedes cerrar la vista previa.,EDITOR_CONTROL,close,n4_close_previa_00
Necesito que cierres la vista previa.,EDITOR_CONTROL,close,n4_close_previa_00
Cierra este borrador.,EDITOR_CONTROL,close,n4_close_borrador_00
Cierra este borrador por favor.,EDITOR_CONTROL,close,n4_close_borrador_00
Ya puedes cerrar este borrador.,EDITOR_CONTROL,close,n4_close_borrador_00
Necesito que cierres este borrador.,EDITOR_CONTROL,close,n4_close_borrador_00
Cierra la sesión.,EDITOR_CONTROL,close,n4_close_sesión_00
Cierra la sesión por favor.,EDITOR_CONTROL,close,n4_close_sesión_00
Ya puedes cerrar la sesión.,EDITOR_CONTROL,close,n4_close_sesión_00
Necesito que cierres la sesión.,EDITOR_CONTROL,close,n4_close_sesión_00
Guarda en el escritorio.,EDITOR_CONTROL,save-as,n4_saveas_escritorio_00
Guarda el archivo en el escritorio.,EDITOR_CONTROL,save-as,n4_saveas_escritorio_00
Guarda como borrador.,EDITOR_CONTROL,save-as,n4_saveas_borrador_00
Guarda el archivo como borrador.,EDITOR_CONTROL,save-as,n4_saveas_borrador_00
Guarda una copia como borrador.,EDITOR_CONTROL,save-as,n4_saveas_borrador_00
Guarda con fecha de hoy.,EDITOR_CONTROL,save-as,n4_saveas_hoy_00
Guarda el archivo con fecha de hoy.,EDITOR_CONTROL,save-as,n4_saveas_hoy_00
Guarda una copia con fecha de hoy.,EDITOR_CONTROL,save-as,n4_saveas_hoy_00
Guarda en la carpeta.,EDITOR_CONTROL,save-as,n4_saveas_carpeta_00
Guarda el archivo en la carpeta.,EDITOR_CONTROL,save-as,n4_saveas_carpeta_00
Guarda una copia en la carpeta.,EDITOR_CONTROL,save-as,n4_saveas_carpeta_00
Guarda como plantilla.,EDITOR_CONTROL,save-as,n4_saveas_plantilla_00
Guarda el archivo como plantilla.,EDITOR_CONTROL,save-as,n4_saveas_plantilla_00
Guarda una copia como plantilla.,EDITOR_CONTROL,save-as,n4_saveas_plantilla_00
Guarda en pdf.,EDITOR_CONTROL,save-as,n4_saveas_pdf_00
Guarda el archivo en pdf.,EDITOR_CONTROL,save-as,n4_saveas_pdf_00
Guarda una copia en pdf.,EDITOR_CONTROL,save-as,n4_saveas_pdf_00
Guarda con otro nombre.,EDITOR_CONTROL,save-as,n4_saveas_nombre_00
Guarda en la nube.,EDITOR_CONTROL,save-as,n4_saveas_nube_00
Guarda el archivo en la nube.,EDITOR_CONTROL,save-as,n4_saveas_nube_00
Guarda una copia en la nube.,EDITOR_CONTROL,save-as,n4_saveas_nube_00
Busca los espacios dobles y corrígelos.,EDITOR_CONTROL,find-replace,n4_findrep_espacios_00
Encuentra los espacios dobles y arréglalos.,EDITOR_CONTROL,find-replace,n4_findrep_espacios_00
Localiza los espacios dobles en el texto.,EDITOR_CONTROL,find-replace,n4_findrep_espacios_00
Busca el nombre antiguo y corrígelos.,EDITOR_CONTROL,find-replace,n4_findrep_nombre_00
Encuentra el nombre antiguo y arréglalos.,EDITOR_CONTROL,find-replace,n4_findrep_nombre_00
Localiza el nombre antiguo en el texto.,EDITOR_CONTROL,find-replace,n4_findrep_nombre_00
Busca las comillas simples y corrígelos.,EDITOR_CONTROL,find-replace,n4_findrep_comillas_00
Encuentra las comillas simples y arréglalos.,EDITOR_CONTROL,find-replace,n4_findrep_comillas_00
Localiza las comillas simples en el texto.,EDITOR_CONTROL,find-replace,n4_findrep_comillas_00
Busca los guiones y corrígelos.,EDITOR_CONTROL,find-replace,n4_findrep_guiones_00
Encuentra los guiones y arréglalos.,EDITOR_CONTROL,find-replace,n4_findrep_guiones_00
Localiza los guiones en el texto.,EDITOR_CONTROL,find-replace,n4_findrep_guiones_00
Busca los acentos faltantes y corrígelos.,EDITOR_CONTROL,find-replace,n4_findrep_acentos_00
Encuentra los acentos faltantes y arréglalos.,EDITOR_CONTROL,find-replace,n4_findrep_acentos_00
Localiza los acentos faltantes en el texto.,EDITOR_CONTROL,find-replace,n4_findrep_acentos_00
Busca las mayúsculas y corrígelos.,EDITOR_CONTROL,find-replace,n4_findrep_mayúsculas_00
Encuentra las mayúsculas y arréglalos.,EDITOR_CONTROL,find-replace,n4_findrep_mayúsculas_00
Localiza las mayúsculas en el texto.,EDITOR_CONTROL,find-replace,n4_findrep_mayúsculas_00
Busca los ceros de más y corrígelos.,EDITOR_CONTROL,find-replace,n4_findrep_ceros_00
Encuentra los ceros de más y arréglalos.,EDITOR_CONTROL,find-replace,n4_findrep_ceros_00
Localiza los ceros de más en el texto.,EDITOR_CONTROL,find-replace,n4_findrep_ceros_00
Busca la palabra repetida y corrígelos.,EDITOR_CONTROL,find-replace,n4_findrep_palabra_00
Encuentra la palabra repetida y arréglalos.,EDITOR_CONTROL,find-replace,n4_findrep_palabra_00
Localiza la palabra repetida en el texto.,EDITOR_CONTROL,find-replace,n4_findrep_palabra_00
Duplica esta sección.,EDITOR_CONTROL,duplicate,n4_dup_sección_00
Haz un duplicado de esta sección.,EDITOR_CONTROL,duplicate,n4_dup_sección_00
Duplica este bloque.,EDITOR_CONTROL,duplicate,n4_dup_bloque_00
Duplica este bloque abajo.,EDITOR_CONTROL,duplicate,n4_dup_bloque_00
Haz un duplicado de este bloque.,EDITOR_CONTROL,duplicate,n4_dup_bloque_00
Duplica el formato.,EDITOR_CONTROL,duplicate,n4_dup_formato_00
Duplica el formato abajo.,EDITOR_CONTROL,duplicate,n4_dup_formato_00
Haz un duplicado de el formato.,EDITOR_CONTROL,duplicate,n4_dup_formato_00
Duplica la tabla.,EDITOR_CONTROL,duplicate,n4_dup_tabla_00
Duplica la tabla abajo.,EDITOR_CONTROL,duplicate,n4_dup_tabla_00
Haz un duplicado de la tabla.,EDITOR_CONTROL,duplicate,n4_dup_tabla_00
Duplica el encabezado.,EDITOR_CONTROL,duplicate,n4_dup_encabezado_00
Duplica el encabezado abajo.,EDITOR_CONTROL,duplicate,n4_dup_encabezado_00
Haz un duplicado de el encabezado.,EDITOR_CONTROL,duplicate,n4_dup_encabezado_00
Revisa la ortografía de este capítulo.,EDITOR_CONTROL,spellcheck,n4_spell_capítulo_00
Pasa el corrector en este capítulo.,EDITOR_CONTROL,spellcheck,n4_spell_capítulo_00
Verifica la ortografía de este capítulo.,EDITOR_CONTROL,spellcheck,n4_spell_capítulo_00
Revisa la ortografía de lo seleccionado.,EDITOR_CONTROL,spellcheck,n4_spell_seleccionado_00
Pasa el corrector en lo seleccionado.,EDITOR_CONTROL,spellcheck,n4_spell_seleccionado_00
Verifica la ortografía de lo seleccionado.,EDITOR_CONTROL,spellcheck,n4_spell_seleccionado_00
Revisa la ortografía de el documento.,EDITOR_CONTROL,spellcheck,n4_spell_documento_00
Pasa el corrector en el documento.,EDITOR_CONTROL,spellcheck,n4_spell_documento_00
Verifica la ortografía de el documento.,EDITOR_CONTROL,spellcheck,n4_spell_documento_00
Revisa la ortografía de esta página.,EDITOR_CONTROL,spellcheck,n4_spell_página_00
Pasa el corrector en esta página.,EDITOR_CONTROL,spellcheck,n4_spell_página_00
Verifica la ortografía de esta página.,EDITOR_CONTROL,spellcheck,n4_spell_página_00
Resume este informe.,EDITOR_CONTROL,summarize,n4_sum_informe_00
Resume este informe en dos frases.,EDITOR_CONTROL,summarize,n4_sum_informe_00
Haz un resumen de este informe.,EDITOR_CONTROL,summarize,n4_sum_informe_00
Resume la minuta.,EDITOR_CONTROL,summarize,n4_sum_minuta_00
Resume la minuta en dos frases.,EDITOR_CONTROL,summarize,n4_sum_minuta_00
Haz un resumen de la minuta.,EDITOR_CONTROL,summarize,n4_sum_minuta_00
Resume el capítulo.,EDITOR_CONTROL,summarize,n4_sum_capítulo_00
Resume el capítulo en dos frases.,EDITOR_CONTROL,summarize,n4_sum_capítulo_00
Haz un resumen de el capítulo.,EDITOR_CONTROL,summarize,n4_sum_capítulo_00
Resume lo anterior.,EDITOR_CONTROL,summarize,n4_sum_anterior_00
Haz un resumen de lo anterior.,EDITOR_CONTROL,summarize,n4_sum_anterior_00
Resume esta sección.,EDITOR_CONTROL,summarize,n4_sum_sección_00
Resume esta sección en dos frases.,EDITOR_CONTROL,summarize,n4_sum_sección_00
Haz un resumen de esta sección.,EDITOR_CONTROL,summarize,n4_sum_sección_00
Expande esta idea.,EDITOR_CONTROL,expand,n4_exp_idea_00
Desarrolla esta idea con detalle.,EDITOR_CONTROL,expand,n4_exp_idea_00
Alarga esta idea un poco.,EDITOR_CONTROL,expand,n4_exp_idea_00
Expande la introducción.,EDITOR_CONTROL,expand,n4_exp_introducción_00
Desarrolla la introducción con detalle.,EDITOR_CONTROL,expand,n4_exp_introducción_00
Alarga la introducción un poco.,EDITOR_CONTROL,expand,n4_exp_introducción_00
Expande el ejemplo.,EDITOR_CONTROL,expand,n4_exp_ejemplo_00
Desarrolla el ejemplo con detalle.,EDITOR_CONTROL,expand,n4_exp_ejemplo_00
Alarga el ejemplo un poco.,EDITOR_CONTROL,expand,n4_exp_ejemplo_00
Expande este argumento.,EDITOR_CONTROL,expand,n4_exp_argumento_00
Desarrolla este argumento con detalle.,EDITOR_CONTROL,expand,n4_exp_argumento_00
Alarga este argumento un poco.,EDITOR_CONTROL,expand,n4_exp_argumento_00
Expande la conclusión.,EDITOR_CONTROL,expand,n4_exp_conclusión_00
Desarrolla la conclusión con detalle.,EDITOR_CONTROL,expand,n4_exp_conclusión_00
Alarga la conclusión un poco.,EDITOR_CONTROL,expand,n4_exp_conclusión_00
Comenta este párrafo.,EDITOR_CONTROL,comment,n4_comm_párrafo_00
Agrega un comentario a este párrafo.,EDITOR_CONTROL,comment,n4_comm_párrafo_00
Deja una nota en este párrafo.,EDITOR_CONTROL,comment,n4_comm_párrafo_00
Comenta la conclusión.,EDITOR_CONTROL,comment,n4_comm_conclusión_00
Agrega un comentario a la conclusión.,EDITOR_CONTROL,comment,n4_comm_conclusión_00
Deja una nota en la conclusión.,EDITOR_CONTROL,comment,n4_comm_conclusión_00
Comenta esta cifra.,EDITOR_CONTROL,comment,n4_comm_cifra_00
Agrega un comentario a esta cifra.,EDITOR_CONTROL,comment,n4_comm_cifra_00
Deja una nota en esta cifra.,EDITOR_CONTROL,comment,n4_comm_cifra_00
Comenta el último cambio.,EDITOR_CONTROL,comment,n4_comm_cambio_00
Agrega un comentario a el último cambio.,EDITOR_CONTROL,comment,n4_comm_cambio_00
Deja una nota en el último cambio.,EDITOR_CONTROL,comment,n4_comm_cambio_00
Acepta los cambios.,EDITOR_CONTROL,accept-reject,n4_acrej_cambios_00
Rechaza los cambios.,EDITOR_CONTROL,accept-reject,n4_acrej_cambios_00
Confirma los cambios.,EDITOR_CONTROL,accept-reject,n4_acrej_cambios_00
Acepta la sugerencia.,EDITOR_CONTROL,accept-reject,n4_acrej_sugerencia_00
Rechaza la sugerencia.,EDITOR_CONTROL,accept-reject,n4_acrej_sugerencia_00
Confirma la sugerencia.,EDITOR_CONTROL,accept-reject,n4_acrej_sugerencia_00
Acepta la corrección.,EDITOR_CONTROL,accept-reject,n4_acrej_corrección_00
Rechaza la corrección.,EDITOR_CONTROL,accept-reject,n4_acrej_corrección_00
Confirma la corrección.,EDITOR_CONTROL,accept-reject,n4_acrej_corrección_00
Acepta el formato nuevo.,EDITOR_CONTROL,accept-reject,n4_acrej_formato_00
Rechaza el formato nuevo.,EDITOR_CONTROL,accept-reject,n4_acrej_formato_00
Confirma el formato nuevo.,EDITOR_CONTROL,accept-reject,n4_acrej_formato_00
Cámbiale el nombre a este archivo.,EDITOR_CONTROL,rename,n4_ren_archivo_00
Ponle otro nombre a este archivo.,EDITOR_CONTROL,rename,n4_ren_archivo_00
Renombra la carpeta.,EDITOR_CONTROL,rename,n4_ren_carpeta_00
Cámbiale el nombre a la carpeta.,EDITOR_CONTROL,rename,n4_ren_carpeta_00
Ponle otro nombre a la carpeta.,EDITOR_CONTROL,rename,n4_ren_carpeta_00
Renombra el documento.,EDITOR_CONTROL,rename,n4_ren_documento_00
Cámbiale el nombre a el documento.,EDITOR_CONTROL,rename,n4_ren_documento_00
Ponle otro nombre a el documento.,EDITOR_CONTROL,rename,n4_ren_documento_00
Renombra la versión.,EDITOR_CONTROL,rename,n4_ren_versión_00
Cámbiale el nombre a la versión.,EDITOR_CONTROL,rename,n4_ren_versión_00
Ponle otro nombre a la versión.,EDITOR_CONTROL,rename,n4_ren_versión_00
Sincroniza la carpeta.,EDITOR_CONTROL,sync-share,n4_sync_carpeta_00
Comparte la carpeta con el equipo.,EDITOR_CONTROL,sync-share,n4_sync_carpeta_00
Sube la carpeta a la nube.,EDITOR_CONTROL,sync-share,n4_sync_carpeta_00
Sincroniza el proyecto.,EDITOR_CONTROL,sync-share,n4_sync_proyecto_00
Comparte el proyecto con el equipo.,EDITOR_CONTROL,sync-share,n4_sync_proyecto_00
Sube el proyecto a la nube.,EDITOR_CONTROL,sync-share,n4_sync_proyecto_00
Sincroniza los cambios.,EDITOR_CONTROL,sync-share,n4_sync_cambios_00
Comparte los cambios con el equipo.,EDITOR_CONTROL,sync-share,n4_sync_cambios_00
Sube los cambios a la nube.,EDITOR_CONTROL,sync-share,n4_sync_cambios_00
Sincroniza tu copia.,EDITOR_CONTROL,sync-share,n4_sync_copia_00
Comparte tu copia con el equipo.,EDITOR_CONTROL,sync-share,n4_sync_copia_00
Sube tu copia a la nube.,EDITOR_CONTROL,sync-share,n4_sync_copia_00
Ajusta la página.,EDITOR_CONTROL,view,n4_view_página_00
Ve la página.,EDITOR_CONTROL,view,n4_view_página_00
Desplázate la página.,EDITOR_CONTROL,view,n4_view_página_00
Ajusta el zoom.,EDITOR_CONTROL,view,n4_view_zoom_00
Ve el zoom.,EDITOR_CONTROL,view,n4_view_zoom_00
Desplázate el zoom.,EDITOR_CONTROL,view,n4_view_zoom_00
Ajusta hacia arriba.,EDITOR_CONTROL,view,n4_view_arriba_00
Ve hacia arriba.,EDITOR_CONTROL,view,n4_view_arriba_00
Desplázate hacia arriba.,EDITOR_CONTROL,view,n4_view_arriba_00
Ajusta hasta el final.,EDITOR_CONTROL,view,n4_view_final_00
Ve hasta el final.,EDITOR_CONTROL,view,n4_view_final_00
Desplázate hasta el final.,EDITOR_CONTROL,view,n4_view_final_00
Ajusta a la cita.,EDITOR_CONTROL,view,n4_view_cita_00
Ve a la cita.,EDITOR_CONTROL,view,n4_view_cita_00
Desplázate a la cita.,EDITOR_CONTROL,view,n4_view_cita_00
Llévame al índice.,EDITOR_CONTROL,go-to,n4_goto_índice_00
Ve a la firma.,EDITOR_CONTROL,go-to,n4_goto_firma_00
Salta a la firma.,EDITOR_CONTROL,go-to,n4_goto_firma_00
Llévame a la firma.,EDITOR_CONTROL,go-to,n4_goto_firma_00
Ve al anexo.,EDITOR_CONTROL,go-to,n4_goto_anexo_00
Salta al anexo.,EDITOR_CONTROL,go-to,n4_goto_anexo_00
Llévame al anexo.,EDITOR_CONTROL,go-to,n4_goto_anexo_00
Ve al principio.,EDITOR_CONTROL,go-to,n4_goto_principio_00
Salta al principio.,EDITOR_CONTROL,go-to,n4_goto_principio_00
Llévame al principio.,EDITOR_CONTROL,go-to,n4_goto_principio_00
Ve a la tabla.,EDITOR_CONTROL,go-to,n4_goto_tabla_00
Salta a la tabla.,EDITOR_CONTROL,go-to,n4_goto_tabla_00
Llévame a la tabla.,EDITOR_CONTROL,go-to,n4_goto_tabla_00
Actualiza el autor del documento.,EDITOR_CONTROL,document-properties,n4_docp_autor_00
Cambia el autor en propiedades.,EDITOR_CONTROL,document-properties,n4_docp_autor_00
Revisa el autor del archivo.,EDITOR_CONTROL,document-properties,n4_docp_autor_00
Actualiza la fecha del documento.,EDITOR_CONTROL,document-properties,n4_docp_fecha_00
Cambia la fecha en propiedades.,EDITOR_CONTROL,document-properties,n4_docp_fecha_00
Revisa la fecha del archivo.,EDITOR_CONTROL,document-properties,n4_docp_fecha_00
Actualiza las palabras clave del documento.,EDITOR_CONTROL,document-properties,n4_docp_palabras_00
Cambia las palabras clave en propiedades.,EDITOR_CONTROL,document-properties,n4_docp_palabras_00
Revisa las palabras clave del archivo.,EDITOR_CONTROL,document-properties,n4_docp_palabras_00
Actualiza el idioma del documento.,EDITOR_CONTROL,document-properties,n4_docp_idioma_00
Cambia el idioma en propiedades.,EDITOR_CONTROL,document-properties,n4_docp_idioma_00
Revisa el idioma del archivo.,EDITOR_CONTROL,document-properties,n4_docp_idioma_00
Actualiza la versión del documento.,EDITOR_CONTROL,document-properties,n4_docp_versión_00
Cambia la versión en propiedades.,EDITOR_CONTROL,document-properties,n4_docp_versión_00
Revisa la versión del archivo.,EDITOR_CONTROL,document-properties,n4_docp_versión_00
Ábrelo ya.,EDITOR_CONTROL,deictico,n4_encl_Ábrel_00
Ábrelo por favor.,EDITOR_CONTROL,deictico,n4_encl_Ábrel_00
"Por favor, ábrelo.",EDITOR_CONTROL,deictico,n4_encl_Ábrel_00
Guárdalo ya.,EDITOR_CONTROL,deictico,n4_encl_Guárd_00
Guárdalo por favor.,EDITOR_CONTROL,deictico,n4_encl_Guárd_00
Bórralo.,EDITOR_CONTROL,deictico,n4_encl_Bórra_00
Bórralo ya.,EDITOR_CONTROL,deictico,n4_encl_Bórra_00
Bórralo por favor.,EDITOR_CONTROL,deictico,n4_encl_Bórra_00
"Por favor, bórralo.",EDITOR_CONTROL,deictico,n4_encl_Bórra_00
Márcalo.,EDITOR_CONTROL,deictico,n4_encl_Márca_00
Márcalo ya.,EDITOR_CONTROL,deictico,n4_encl_Márca_00
Márcalo por favor.,EDITOR_CONTROL,deictico,n4_encl_Márca_00
"Por favor, márcalo.",EDITOR_CONTROL,deictico,n4_encl_Márca_00
Súbelo.,EDITOR_CONTROL,deictico,n4_encl_Súbel_00
Súbelo ya.,EDITOR_CONTROL,deictico,n4_encl_Súbel_00
Súbelo por favor.,EDITOR_CONTROL,deictico,n4_encl_Súbel_00
"Por favor, súbelo.",EDITOR_CONTROL,deictico,n4_encl_Súbel_00
Muévelo.,EDITOR_CONTROL,deictico,n4_encl_Muéve_00
Muévelo ya.,EDITOR_CONTROL,deictico,n4_encl_Muéve_00
Muévelo por favor.,EDITOR_CONTROL,deictico,n4_encl_Muéve_00
"Por favor, muévelo.",EDITOR_CONTROL,deictico,n4_encl_Muéve_00
Cópialo.,EDITOR_CONTROL,deictico,n4_encl_Cópia_00
Cópialo ya.,EDITOR_CONTROL,deictico,n4_encl_Cópia_00
Cópialo por favor.,EDITOR_CONTROL,deictico,n4_encl_Cópia_00
"Por favor, cópialo.",EDITOR_CONTROL,deictico,n4_encl_Cópia_00
Pégalo.,EDITOR_CONTROL,deictico,n4_encl_Pégal_00
Pégalo ya.,EDITOR_CONTROL,deictico,n4_encl_Pégal_00
Pégalo por favor.,EDITOR_CONTROL,deictico,n4_encl_Pégal_00
"Por favor, pégalo.",EDITOR_CONTROL,deictico,n4_encl_Pégal_00
Respáldalo.,EDITOR_CONTROL,deictico,n4_encl_Respá_00
Respáldalo ya.,EDITOR_CONTROL,deictico,n4_encl_Respá_00
Respáldalo por favor.,EDITOR_CONTROL,deictico,n4_encl_Respá_00
"Por favor, respáldalo.",EDITOR_CONTROL,deictico,n4_encl_Respá_00
Léelo ya.,EDITOR_CONTROL,deictico,n4_encl_Léelo_00
Léelo por favor.,EDITOR_CONTROL,deictico,n4_encl_Léelo_00
"Por favor, léelo.",EDITOR_CONTROL,deictico,n4_encl_Léelo_00
Revísalo ya.,EDITOR_CONTROL,deictico,n4_encl_Revís_00
Revísalo por favor.,EDITOR_CONTROL,deictico,n4_encl_Revís_00
Acéptalo.,EDITOR_CONTROL,deictico,n4_encl_Acépt_00
Acéptalo ya.,EDITOR_CONTROL,deictico,n4_encl_Acépt_00
Acéptalo por favor.,EDITOR_CONTROL,deictico,n4_encl_Acépt_00
"Por favor, acéptalo.",EDITOR_CONTROL,deictico,n4_encl_Acépt_00
Recházalo.,EDITOR_CONTROL,deictico,n4_encl_Rechá_00
Recházalo ya.,EDITOR_CONTROL,deictico,n4_encl_Rechá_00
Recházalo por favor.,EDITOR_CONTROL,deictico,n4_encl_Rechá_00
"Por favor, recházalo.",EDITOR_CONTROL,deictico,n4_encl_Rechá_00
Ciérralo ya.,EDITOR_CONTROL,deictico,n4_encl_Ciérr_00
Ciérralo por favor.,EDITOR_CONTROL,deictico,n4_encl_Ciérr_00
"Por favor, ciérralo.",EDITOR_CONTROL,deictico,n4_encl_Ciérr_00
Imprímelo ya.,EDITOR_CONTROL,deictico,n4_encl_Imprí_00
Imprímelo por favor.,EDITOR_CONTROL,deictico,n4_encl_Imprí_00
Compártelo ya.,EDITOR_CONTROL,deictico,n4_encl_Compá_00
Compártelo por favor.,EDITOR_CONTROL,deictico,n4_encl_Compá_00
Renómbralo.,EDITOR_CONTROL,deictico,n4_encl_Renóm_00
Renómbralo ya.,EDITOR_CONTROL,deictico,n4_encl_Renóm_00
Renómbralo por favor.,EDITOR_CONTROL,deictico,n4_encl_Renóm_00
"Por favor, renómbralo.",EDITOR_CONTROL,deictico,n4_encl_Renóm_00
Bájalo.,EDITOR_CONTROL,deictico,n4_encl_Bájal_00
Bájalo ya.,EDITOR_CONTROL,deictico,n4_encl_Bájal_00
Bájalo por favor.,EDITOR_CONTROL,deictico,n4_encl_Bájal_00
"Por favor, bájalo.",EDITOR_CONTROL,deictico,n4_encl_Bájal_00
Envíalo ya.,EDITOR_CONTROL,deictico,n4_encl_Envía_00
Envíalo por favor.,EDITOR_CONTROL,deictico,n4_encl_Envía_00
Fírmalo ya.,EDITOR_CONTROL,deictico,n4_encl_Fírma_00
Fírmalo por favor.,EDITOR_CONTROL,deictico,n4_encl_Fírma_00
"Por favor, fírmalo.",EDITOR_CONTROL,deictico,n4_encl_Fírma_00
Archívalo ya.,EDITOR_CONTROL,deictico,n4_encl_Archí_00
Archívalo por favor.,EDITOR_CONTROL,deictico,n4_encl_Archí_00
Sincronízalo.,EDITOR_CONTROL,deictico,n4_encl_Sincr_00
Sincronízalo ya.,EDITOR_CONTROL,deictico,n4_encl_Sincr_00
Sincronízalo por favor.,EDITOR_CONTROL,deictico,n4_encl_Sincr_00
"Por favor, sincronízalo.",EDITOR_CONTROL,deictico,n4_encl_Sincr_00
"Hazlo más corto, por favor.",EDITOR_CONTROL,deictico,n4_deic_Hazlo_00
¿Puedes hazlo más corto?,EDITOR_CONTROL,deictico,n4_deic_Hazlo_00
Ponlo aquí.,EDITOR_CONTROL,deictico,n4_deic_Ponlo_00
"Ponlo aquí, por favor.",EDITOR_CONTROL,deictico,n4_deic_Ponlo_00
¿Puedes ponlo aquí?,EDITOR_CONTROL,deictico,n4_deic_Ponlo_00
Déjalo igual.,EDITOR_CONTROL,deictico,n4_deic_Déjalo_00
"Déjalo igual, por favor.",EDITOR_CONTROL,deictico,n4_deic_Déjalo_00
¿Puedes déjalo igual?,EDITOR_CONTROL,deictico,n4_deic_Déjalo_00
Vuelve a ponerlo.,EDITOR_CONTROL,deictico,n4_deic_Vuelve_00
"Vuelve a ponerlo, por favor.",EDITOR_CONTROL,deictico,n4_deic_Vuelve_00
¿Puedes vuelve a ponerlo?,EDITOR_CONTROL,deictico,n4_deic_Vuelve_00
"Cambia esa parte, por favor.",EDITOR_CONTROL,deictico,n4_deic_Cambia_00
¿Puedes cambia esa parte?,EDITOR_CONTROL,deictico,n4_deic_Cambia_00
"Quita eso, por favor.",EDITOR_CONTROL,deictico,n4_deic_Quita_00
¿Puedes quita eso?,EDITOR_CONTROL,deictico,n4_deic_Quita_00
Ponlo allá.,EDITOR_CONTROL,deictico,n4_deic_Ponlo_00
"Ponlo allá, por favor.",EDITOR_CONTROL,deictico,n4_deic_Ponlo_00
¿Puedes ponlo allá?,EDITOR_CONTROL,deictico,n4_deic_Ponlo_00
Déjalo así.,EDITOR_CONTROL,deictico,n4_deic_Déjalo_00
"Déjalo así, por favor.",EDITOR_CONTROL,deictico,n4_deic_Déjalo_00
¿Puedes déjalo así?,EDITOR_CONTROL,deictico,n4_deic_Déjalo_00
Muévelo acá.,EDITOR_CONTROL,deictico,n4_deic_Muévelo_00
"Muévelo acá, por favor.",EDITOR_CONTROL,deictico,n4_deic_Muévelo_00
¿Puedes muévelo acá?,EDITOR_CONTROL,deictico,n4_deic_Muévelo_00
Cámbialo de lugar.,EDITOR_CONTROL,deictico,n4_deic_Cámbialo_00
"Cámbialo de lugar, por favor.",EDITOR_CONTROL,deictico,n4_deic_Cámbialo_00
¿Puedes cámbialo de lugar?,EDITOR_CONTROL,deictico,n4_deic_Cámbialo_00
Ponlo bonito.,EDITOR_CONTROL,deictico,n4_deic_Ponlo_00
"Ponlo bonito, por favor.",EDITOR_CONTROL,deictico,n4_deic_Ponlo_00
¿Puedes ponlo bonito?,EDITOR_CONTROL,deictico,n4_deic_Ponlo_00
Déjalo claro.,EDITOR_CONTROL,deictico,n4_deic_Déjalo_00
"Déjalo claro, por favor.",EDITOR_CONTROL,deictico,n4_deic_Déjalo_00
¿Puedes déjalo claro?,EDITOR_CONTROL,deictico,n4_deic_Déjalo_00
Abrir documentos grandes puede ser lento.,NON_CONTROL,hard-espejo,n4_mirror_00
Guarda es una forma verbal del verbo guardar.,NON_CONTROL,hard-espejo,n4_mirror_00
Imprimir documentos utiliza papel.,NON_CONTROL,hard-espejo,n4_mirror_00
Buscar información puede tomar tiempo.,NON_CONTROL,hard-espejo,n4_mirror_00
Copiar texto puede introducir duplicados.,NON_CONTROL,hard-espejo,n4_mirror_00
Firmar documentos digitalmente requiere autenticación.,NON_CONTROL,hard-espejo,n4_mirror_00
Sincronizar información entre dispositivos puede generar conflictos.,NON_CONTROL,hard-espejo,n4_mirror_01
Renombrar archivos facilita su organización.,NON_CONTROL,hard-espejo,n4_mirror_01
Leer en voz alta puede apoyar la revisión.,NON_CONTROL,hard-espejo,n4_mirror_01
Cerrar sesiones viejas libera memoria.,NON_CONTROL,hard-espejo,n4_mirror_01
Guardar copias impresas ocupa archiveros.,NON_CONTROL,hard-espejo,n4_mirror_01
Abrir debates largos cansa al público.,NON_CONTROL,hard-espejo,n4_mirror_01
Imprimir actas oficiales exige sello.,NON_CONTROL,hard-espejo,n4_mirror_02
Buscar culpables rara vez ayuda.,NON_CONTROL,hard-espejo,n4_mirror_02
Copiar diseños registrados infringe derechos.,NON_CONTROL,hard-espejo,n4_mirror_02
Pegar afiches viejos decora cuartos.,NON_CONTROL,hard-espejo,n4_mirror_02
Leer contratos ajenos indispone.,NON_CONTROL,hard-espejo,n4_mirror_02
Exportar datos personales vulnera privacidad.,NON_CONTROL,hard-espejo,n4_mirror_02
Compartir contraseñas es temerario.,NON_CONTROL,hard-espejo,n4_mirror_03
Sincronizar relojes antiguos es ritual.,NON_CONTROL,hard-espejo,n4_mirror_03
Renombrar mascotas confunde veterinarios.,NON_CONTROL,hard-espejo,n4_mirror_03
Borrar historiales clínicos es delito.,NON_CONTROL,hard-espejo,n4_mirror_03
Mover rocas gigantes exige grúa.,NON_CONTROL,hard-espejo,n4_mirror_03
Cortar listones inaugura obras.,NON_CONTROL,hard-espejo,n4_mirror_04
Firmar autógrafos cansa muñecas.,NON_CONTROL,hard-espejo,n4_mirror_04
Revisar mochilas ajenas ofende.,NON_CONTROL,hard-espejo,n4_mirror_04
Aceptar sobornos destruye carreras.,NON_CONTROL,hard-espejo,n4_mirror_04
Separar gemelos idénticos confunde.,NON_CONTROL,hard-espejo,n4_mirror_04
Navegar ríos bravos emociona.,NON_CONTROL,hard-espejo,n4_mirror_04
Duplicar recetas caseras une familias.,NON_CONTROL,hard-espejo,n4_mirror_05
Traducir refranes pierde gracia.,NON_CONTROL,hard-espejo,n4_mirror_05
Contar chistes malos aburre.,NON_CONTROL,hard-espejo,n4_mirror_05
Ordenar discos viejos entretiene.,NON_CONTROL,hard-espejo,n4_mirror_05
Insertar comerciales interrumpe películas.,NON_CONTROL,hard-espejo,n4_mirror_05
Combinar estampados arriesga el look.,NON_CONTROL,hard-espejo,n4_mirror_05
Archivar cartas viejas conmueve.,NON_CONTROL,hard-espejo,n4_mirror_06
Reenviar memes satura grupos.,NON_CONTROL,hard-espejo,n4_mirror_06
Comprimir equipaje ahorra tarifas.,NON_CONTROL,hard-espejo,n4_mirror_06
Busca esto.,EDITOR_CONTROL,corto,n4_shortc_00
Cierra eso.,EDITOR_CONTROL,corto,n4_shortc_01
Abre esto.,EDITOR_CONTROL,corto,n4_shortc_01
Imprime ya.,EDITOR_CONTROL,corto,n4_shortc_01
Guarda ya.,EDITOR_CONTROL,corto,n4_shortc_01
Pega aquí.,EDITOR_CONTROL,corto,n4_shortc_02
Mueve eso.,EDITOR_CONTROL,corto,n4_shortc_02
Cambia eso.,EDITOR_CONTROL,corto,n4_shortc_02
Mira esto.,EDITOR_CONTROL,corto,n4_shortc_03
Escucha esto.,EDITOR_CONTROL,corto,n4_shortc_03
Anula eso.,EDITOR_CONTROL,corto,n4_shortc_03
Confirma eso.,EDITOR_CONTROL,corto,n4_shortc_03
Rechaza eso.,EDITOR_CONTROL,corto,n4_shortc_04
Acepta eso.,EDITOR_CONTROL,corto,n4_shortc_04
Envía eso.,EDITOR_CONTROL,corto,n4_shortc_04
Sube eso.,EDITOR_CONTROL,corto,n4_shortc_04
Baja eso.,EDITOR_CONTROL,corto,n4_shortc_04
Estoy pensando.,NON_CONTROL,corto,n4_shortn_00
Así parece.,NON_CONTROL,corto,n4_shortn_00
A ver pues.,NON_CONTROL,corto,n4_shortn_01
Hmm.,NON_CONTROL,corto,n4_shortn_01
Ah.,NON_CONTROL,corto,n4_shortn_02
"Mmm, no.",NON_CONTROL,corto,n4_shortn_02
Pues sí.,NON_CONTROL,corto,n4_shortn_02
Pues no.,NON_CONTROL,corto,n4_shortn_02
Obvio.,NON_CONTROL,corto,n4_shortn_03
Nel pastel.,NON_CONTROL,corto,n4_shortn_03
Simón que sí.,NON_CONTROL,corto,n4_shortn_03
Arre pues.,NON_CONTROL,corto,n4_shortn_03
Sale.,NON_CONTROL,corto,n4_shortn_03
Va.,NON_CONTROL,corto,n4_shortn_04
Dale.,NON_CONTROL,corto,n4_shortn_04
Listo pues.,NON_CONTROL,corto,n4_shortn_04
Ahorita.,NON_CONTROL,corto,n4_shortn_04
Al ratito.,NON_CONTROL,corto,n4_shortn_04
Luego vemos.,NON_CONTROL,corto,n4_shortn_04
Accesibilidad cognitiva.,NON_CONTROL,fragmento-dictado,n4_fragd_00
Interacción multimodal.,NON_CONTROL,fragmento-dictado,n4_fragd_00
Resultados preliminares.,NON_CONTROL,fragmento-dictado,n4_fragd_00
Metodología propuesta.,NON_CONTROL,fragmento-dictado,n4_fragd_00
Diseño centrado en el usuario.,NON_CONTROL,fragmento-dictado,n4_fragd_00
Carga mental reducida.,NON_CONTROL,fragmento-dictado,n4_fragd_00
Entrada por voz.,NON_CONTROL,fragmento-dictado,n4_fragd_01
Reconocimiento automático.,NON_CONTROL,fragmento-dictado,n4_fragd_01
Fatiga visual.,NON_CONTROL,fragmento-dictado,n4_fragd_01
Sesiones cortas.,NON_CONTROL,fragmento-dictado,n4_fragd_01
Retroalimentación inmediata.,NON_CONTROL,fragmento-dictado,n4_fragd_01
Barreras de acceso.,NON_CONTROL,fragmento-dictado,n4_fragd_01
Pruebas con usuarios.,NON_CONTROL,fragmento-dictado,n4_fragd_02
Análisis cualitativo.,NON_CONTROL,fragmento-dictado,n4_fragd_02
Trabajo futuro.,NON_CONTROL,fragmento-dictado,n4_fragd_02
Marco teórico.,NON_CONTROL,fragmento-dictado,n4_fragd_02
Estado del arte.,NON_CONTROL,fragmento-dictado,n4_fragd_02
Preguntas abiertas.,NON_CONTROL,fragmento-dictado,n4_fragd_02
Hallazgos principales.,NON_CONTROL,fragmento-dictado,n4_fragd_03
Limitaciones del estudio.,NON_CONTROL,fragmento-dictado,n4_fragd_03
